,return_side|BH|dir=1,return_side|BH|dir=2,return_side|BH|dir=3,return_side|DROP_SHOT|dir=1,return_side|DROP_SHOT|dir=2,return_side|DROP_SHOT|dir=3,return_side|FH|dir=1,return_side|FH|dir=2,return_side|FH|dir=3,return_side|LOB|dir=1,return_side|LOB|dir=2,return_side|LOB|dir=3,return_side|SERVE|dir=0,return_side|SERVE|dir=4,return_side|SERVE|dir=5,return_side|SERVE|dir=6,return_side|SLICE|dir=1,return_side|SLICE|dir=2,return_side|SLICE|dir=3,return_side|SMASH|dir=1,return_side|SMASH|dir=2,return_side|SMASH|dir=3,return_side|VOLLEY|dir=1,return_side|VOLLEY|dir=2,return_side|VOLLEY|dir=3,serve_side|BH|dir=1,serve_side|BH|dir=2,serve_side|BH|dir=3,serve_side|DROP_SHOT|dir=1,serve_side|DROP_SHOT|dir=2,serve_side|DROP_SHOT|dir=3,serve_side|FH|dir=1,serve_side|FH|dir=2,serve_side|FH|dir=3,serve_side|LOB|dir=1,serve_side|LOB|dir=2,serve_side|LOB|dir=3,serve_side|OTHER|dir=0,serve_side|OTHER|dir=2,serve_side|OTHER|dir=3,serve_side|SERVE|dir=4,serve_side|SERVE|dir=5,serve_side|SERVE|dir=6,serve_side|SLICE|dir=1,serve_side|SLICE|dir=2,serve_side|SLICE|dir=3,serve_side|SMASH|dir=1,serve_side|SMASH|dir=2,serve_side|SMASH|dir=3,serve_side|VOLLEY|dir=1,serve_side|VOLLEY|dir=2,serve_side|VOLLEY|dir=3
return_side|BH|dir=1,0.0,0.0,0.0,0.0,0.0,0.0,0.0,0.0,0.0,0.0,0.0,0.0,0.0,0.0,0.0,0.0,0.0,0.0,0.0,0.0,0.0,0.0,0.0,0.0,0.0,0.0,0.008032128514056224,0.0,0.0,0.0,0.0,0.42570281124497994,0.25301204819277107,0.0963855421686747,0.0,0.008032128514056224,0.004016064257028112,0.0,0.0,0.0,0.0,0.0,0.0,0.04417670682730924,0.07228915662650602,0.04819277108433735,0.0,0.0,0.0,0.0321285140562249,0.004016064257028112,0.004016064257028112
return_side|BH|dir=2,0.0,0.0,0.0,0.0,0.0,0.0,0.0,0.0,0.0,0.0,0.0,0.0,0.0,0.0,0.0,0.0,0.0,0.0,0.0,0.0,0.0,0.0,0.0,0.0,0.0,0.026984126984126985,0.09682539682539683,0.08253968253968254,0.0015873015873015873,0.0031746031746031746,0.0031746031746031746,0.2920634920634921,0.1634920634920635,0.23809523809523808,0.0,0.0,0.0,0.0,0.0,0.0,0.0,0.0,0.0,0.011111111111111112,0.04126984126984127,0.023809523809523808,0.0,0.0,0.0,0.0031746031746031746,0.004761904761904762,0.007936507936507936
return_side|BH|dir=3,0.0,0.0,0.0,0.0,0.0,0.0,0.0,0.0,0.0,0.0,0.0,0.0,0.0,0.0,0.0,0.0,0.0,0.0,0.0,0.0,0.0,0.0,0.0,0.0,0.0,0.07568027210884354,0.17261904761904762,0.34523809523809523,0.006802721088435374,0.0008503401360544217,0.0,0.05272108843537415,0.023809523809523808,0.10204081632653061,0.0,0.0008503401360544217,0.0008503401360544217,0.0,0.0,0.0,0.0,0.0,0.0,0.03741496598639456,0.05102040816326531,0.11989795918367346,0.0,0.0,0.0,0.007653061224489796,0.0017006802721088435,0.0008503401360544217
return_side|DROP_SHOT|dir=1,0.0,0.0,0.0,0.0,0.0,0.0,0.0,0.0,0.0,0.0,0.0,0.0,0.0,0.0,0.0,0.0,0.0,0.0,0.0,0.0,0.0,0.0,0.0,0.0,0.0,0.03125,0.0,0.0,0.0625,0.0,0.0,0.09375,0.0625,0.21875,0.0,0.0,0.0,0.0,0.0,0.0,0.0,0.0,0.0,0.09375,0.03125,0.125,0.0,0.0,0.0,0.09375,0.03125,0.15625
return_side|DROP_SHOT|dir=2,0.0,0.0,0.0,0.0,0.0,0.0,0.0,0.0,0.0,0.0,0.0,0.0,0.0,0.0,0.0,0.0,0.0,0.0,0.0,0.0,0.0,0.0,0.0,0.0,0.0,0.0,0.125,0.0,0.0,0.0,0.0,0.125,0.125,0.25,0.0,0.0,0.0,0.0,0.0,0.0,0.0,0.0,0.0,0.25,0.0,0.125,0.0,0.0,0.0,0.0,0.0,0.0
return_side|DROP_SHOT|dir=3,0.0,0.0,0.0,0.0,0.0,0.0,0.0,0.0,0.0,0.0,0.0,0.0,0.0,0.0,0.0,0.0,0.0,0.0,0.0,0.0,0.0,0.0,0.0,0.0,0.0,0.125,0.0,0.125,0.0,0.0,0.0,0.0,0.0,0.0,0.0,0.0,0.0,0.0,0.0,0.0,0.0,0.0,0.0,0.34375,0.03125,0.15625,0.0,0.0,0.0,0.09375,0.0625,0.0625
return_side|FH|dir=1,0.0,0.0,0.0,0.0,0.0,0.0,0.0,0.0,0.0,0.0,0.0,0.0,0.0,0.0,0.0,0.0,0.0,0.0,0.0,0.0,0.0,0.0,0.0,0.0,0.0,0.0,0.0013404825737265416,0.0,0.0,0.0013404825737265416,0.0013404825737265416,0.30831099195710454,0.25335120643431636,0.26943699731903487,0.002680965147453083,0.00938337801608579,0.004021447721179625,0.0,0.0,0.0,0.0,0.0,0.0,0.029490616621983913,0.064343163538874,0.05093833780160858,0.0,0.0,0.0,0.0,0.002680965147453083,0.0013404825737265416
return_side|FH|dir=2,0.0,0.0,0.0,0.0,0.0,0.0,0.0,0.0,0.0,0.0,0.0,0.0,0.0,0.0,0.0,0.0,0.0,0.0,0.0,0.0,0.0,0.0,0.0,0.0,0.0,0.02460456942003515,0.14411247803163443,0.14411247803163443,0.008787346221441126,0.0017574692442882249,0.0035149384885764497,0.19156414762741653,0.17926186291739896,0.2671353251318102,0.0,0.0,0.0,0.0,0.0,0.0,0.0,0.0,0.0,0.0017574692442882249,0.012302284710017574,0.014059753954305799,0.0,0.0,0.0017574692442882249,0.0,0.0017574692442882249,0.0035149384885764497
return_side|FH|dir=3,0.0,0.0,0.0,0.0,0.0,0.0,0.0,0.0,0.0,0.0,0.0,0.0,0.0,0.0,0.0,0.0,0.0,0.0,0.0,0.0,0.0,0.0,0.0,0.0,0.0,0.0765639589169001,0.21288515406162464,0.40522875816993464,0.012138188608776844,0.0018674136321195146,0.0009337068160597573,0.018674136321195144,0.015873015873015872,0.05042016806722689,0.0018674136321195146,0.021475256769374416,0.009337068160597572,0.0,0.0,0.0,0.0,0.0,0.0,0.026143790849673203,0.05322128851540616,0.09056956115779645,0.0,0.0,0.0,0.0,0.0018674136321195146,0.0009337068160597573
return_side|LOB|dir=1,0.0,0.0,0.0,0.0,0.0,0.0,0.0,0.0,0.0,0.0,0.0,0.0,0.0,0.0,0.0,0.0,0.0,0.0,0.0,0.0,0.0,0.0,0.0,0.0,0.0,0.0,0.0,0.0,0.0,0.0,0.0,0.0,0.0,0.0,0.0,0.0,0.0,0.0,0.0,0.0,0.0,0.0,0.0,0.0,0.0,0.0,0.6666666666666666,0.0,0.0,0.0,0.0,0.3333333333333333
return_side|LOB|dir=2,0.0,0.0,0.0,0.0,0.0,0.0,0.0,0.0,0.0,0.0,0.0,0.0,0.0,0.0,0.0,0.0,0.0,0.0,0.0,0.0,0.0,0.0,0.0,0.0,0.0,0.0,0.0,0.0,0.0,0.0,0.0,0.0,0.14285714285714285,0.07142857142857142,0.0,0.0,0.0,0.0,0.14285714285714285,0.0,0.0,0.0,0.0,0.0,0.0,0.0,0.14285714285714285,0.35714285714285715,0.14285714285714285,0.0,0.0,0.0
return_side|LOB|dir=3,0.0,0.0,0.0,0.0,0.0,0.0,0.0,0.0,0.0,0.0,0.0,0.0,0.0,0.0,0.0,0.0,0.0,0.0,0.0,0.0,0.0,0.0,0.0,0.0,0.0,0.0,0.0,0.0,0.0,0.0,0.0,0.0,0.0,0.0,0.0,0.0,0.0,0.0,0.16666666666666666,0.16666666666666666,0.0,0.0,0.0,0.0,0.0,0.0,0.3333333333333333,0.16666666666666666,0.16666666666666666,0.0,0.0,0.0
return_side|OTHER|dir=1,0.0,0.0,0.0,0.0,0.0,0.0,0.0,0.0,0.0,0.0,0.0,0.0,0.0,0.0,0.0,0.0,0.0,0.0,0.0,0.0,0.0,0.0,0.0,0.0,0.0,0.0,0.0,0.0,0.0,0.0,0.0,0.0,1.0,0.0,0.0,0.0,0.0,0.0,0.0,0.0,0.0,0.0,0.0,0.0,0.0,0.0,0.0,0.0,0.0,0.0,0.0,0.0
return_side|OTHER|dir=3,0.0,0.0,0.0,0.0,0.0,0.0,0.0,0.0,0.0,0.0,0.0,0.0,0.0,0.0,0.0,0.0,0.0,0.0,0.0,0.0,0.0,0.0,0.0,0.0,0.0,0.0,0.0,1.0,0.0,0.0,0.0,0.0,0.0,0.0,0.0,0.0,0.0,0.0,0.0,0.0,0.0,0.0,0.0,0.0,0.0,0.0,0.0,0.0,0.0,0.0,0.0,0.0
return_side|SERVE|dir=0,0.0,0.0,0.0,0.0,0.0,0.0,0.0,0.0,0.0,0.0,0.0,0.0,0.0,0.0,0.0,0.0,0.0,0.0,0.0,0.0,0.0,0.0,0.0,0.0,0.0,0.0,0.0,0.0,0.0,0.0,0.0,0.0,0.25,0.0,0.0,0.0,0.0,0.25,0.25,0.0,0.0,0.0,0.0,0.0,0.0,0.25,0.0,0.0,0.0,0.0,0.0,0.0
return_side|SERVE|dir=4,0.0,0.0,0.0,0.0,0.0,0.0,0.0,0.0,0.0,0.0,0.0,0.0,0.0,0.0,0.0,0.0,0.0,0.0,0.0,0.0,0.0,0.0,0.0,0.0,0.0,0.02581438229870928,0.19422249539028888,0.2784265519360787,0.0,0.0,0.0,0.10202827289489859,0.24339274738783037,0.06699446834665028,0.0,0.001229256299938537,0.0,0.0,0.0,0.0,0.0,0.0,0.0,0.007375537799631223,0.04732636754763368,0.03318992009834051,0.0,0.0,0.0,0.0,0.0,0.0
return_side|SERVE|dir=5,0.0,0.0,0.0,0.0,0.0,0.0,0.0,0.0,0.0,0.0,0.0,0.0,0.0,0.0,0.0,0.0,0.0,0.0,0.0,0.0,0.0,0.0,0.0,0.0,0.0,0.026825633383010434,0.2637853949329359,0.22503725782414308,0.0,0.0,0.0,0.12965722801788376,0.23099850968703428,0.11177347242921014,0.0,0.0,0.0,0.0,0.0,0.0,0.0,0.0,0.0,0.0014903129657228018,0.00894187779433681,0.0014903129657228018,0.0,0.0,0.0,0.0,0.0,0.0
return_side|SERVE|dir=6,0.0,0.0,0.0,0.0,0.0,0.0,0.0,0.0,0.0,0.0,0.0,0.0,0.0,0.0,0.0,0.0,0.0,0.0,0.0,0.0,0.0,0.0,0.0,0.0,0.0,0.04632929436920884,0.2843905915894512,0.14468995010691377,0.0,0.0,0.0,0.06699928724162509,0.23093371347113328,0.10762651461154668,0.0,0.005702066999287242,0.0,0.0,0.0,0.0,0.0,0.0,0.0,0.012116892373485389,0.07840342124019957,0.022808267997148968,0.0,0.0,0.0,0.0,0.0,0.0
return_side|SLICE|dir=1,0.0,0.0,0.0,0.0,0.0,0.0,0.0,0.0,0.0,0.0,0.0,0.0,0.0,0.0,0.0,0.0,0.0,0.0,0.0,0.0,0.0,0.0,0.0,0.0,0.0,0.0,0.0,0.0,0.0,0.0,0.0,0.6046511627906976,0.09302325581395349,0.23255813953488372,0.0,0.0,0.0,0.0,0.0,0.0,0.0,0.0,0.0,0.023255813953488372,0.0,0.0,0.0,0.0,0.0,0.046511627906976744,0.0,0.0
return_side|SLICE|dir=2,0.0,0.0,0.0,0.0,0.0,0.0,0.0,0.0,0.0,0.0,0.0,0.0,0.0,0.0,0.0,0.0,0.0,0.0,0.0,0.0,0.0,0.0,0.0,0.0,0.0,0.016666666666666666,0.041666666666666664,0.025,0.0,0.0,0.0,0.30833333333333335,0.075,0.4583333333333333,0.0,0.0,0.0,0.0,0.0,0.0,0.0,0.0,0.0,0.0,0.0,0.041666666666666664,0.0,0.0,0.016666666666666666,0.0,0.008333333333333333,0.008333333333333333
return_side|SLICE|dir=3,0.0,0.0,0.0,0.0,0.0,0.0,0.0,0.0,0.0,0.0,0.0,0.0,0.0,0.0,0.0,0.0,0.0,0.0,0.0,0.0,0.0,0.0,0.0,0.0,0.0,0.04477611940298507,0.04975124378109453,0.15422885572139303,0.004975124378109453,0.0,0.0,0.18407960199004975,0.014925373134328358,0.31343283582089554,0.0,0.01990049751243781,0.004975124378109453,0.0,0.0,0.0,0.0,0.0,0.0,0.024875621890547265,0.03482587064676617,0.12935323383084577,0.0,0.0,0.0,0.01990049751243781,0.0,0.0
return_side|SMASH|dir=1,0.0,0.0,0.0,0.0,0.0,0.0,0.0,0.0,0.0,0.0,0.0,0.0,0.0,0.0,0.0,0.0,0.0,0.0,0.0,0.0,0.0,0.0,0.0,0.0,0.0,0.0,0.0,0.0,0.0,0.0,0.0,0.4,0.0,0.0,0.4,0.0,0.2,0.0,0.0,0.0,0.0,0.0,0.0,0.0,0.0,0.0,0.0,0.0,0.0,0.0,0.0,0.0
return_side|SMASH|dir=2,0.0,0.0,0.0,0.0,0.0,0.0,0.0,0.0,0.0,0.0,0.0,0.0,0.0,0.0,0.0,0.0,0.0,0.0,0.0,0.0,0.0,0.0,0.0,0.0,0.0,0.0,0.0,0.0,0.0,0.0,0.0,0.0,0.5,0.25,0.0,0.25,0.0,0.0,0.0,0.0,0.0,0.0,0.0,0.0,0.0,0.0,0.0,0.0,0.0,0.0,0.0,0.0
return_side|SMASH|dir=3,0.0,0.0,0.0,0.0,0.0,0.0,0.0,0.0,0.0,0.0,0.0,0.0,0.0,0.0,0.0,0.0,0.0,0.0,0.0,0.0,0.0,0.0,0.0,0.0,0.0,0.3333333333333333,0.16666666666666666,0.0,0.0,0.0,0.0,0.0,0.0,0.0,0.16666666666666666,0.16666666666666666,0.0,0.0,0.0,0.0,0.0,0.0,0.0,0.0,0.0,0.0,0.0,0.0,0.0,0.0,0.16666666666666666,0.0
return_side|VOLLEY|dir=1,0.0,0.0,0.0,0.0,0.0,0.0,0.0,0.0,0.0,0.0,0.0,0.0,0.0,0.0,0.0,0.0,0.0,0.0,0.0,0.0,0.0,0.0,0.0,0.0,0.0,0.0,0.0,0.0,0.0,0.0,0.0,0.3225806451612903,0.1935483870967742,0.1935483870967742,0.0,0.03225806451612903,0.0967741935483871,0.0,0.0,0.0,0.0,0.0,0.0,0.03225806451612903,0.0,0.06451612903225806,0.0,0.0,0.0,0.03225806451612903,0.0,0.03225806451612903
return_side|VOLLEY|dir=2,0.0,0.0,0.0,0.0,0.0,0.0,0.0,0.0,0.0,0.0,0.0,0.0,0.0,0.0,0.0,0.0,0.0,0.0,0.0,0.0,0.0,0.0,0.0,0.0,0.0,0.08333333333333333,0.041666666666666664,0.041666666666666664,0.0,0.0,0.0,0.125,0.08333333333333333,0.25,0.041666666666666664,0.041666666666666664,0.041666666666666664,0.0,0.0,0.0,0.0,0.0,0.0,0.041666666666666664,0.08333333333333333,0.08333333333333333,0.0,0.0,0.0,0.041666666666666664,0.0,0.0
return_side|VOLLEY|dir=3,0.0,0.0,0.0,0.0,0.0,0.0,0.0,0.0,0.0,0.0,0.0,0.0,0.0,0.0,0.0,0.0,0.0,0.0,0.0,0.0,0.0,0.0,0.0,0.0,0.0,0.32,0.1,0.14,0.02,0.0,0.0,0.0,0.0,0.0,0.0,0.14,0.12,0.0,0.0,0.0,0.0,0.0,0.0,0.06,0.0,0.0,0.0,0.0,0.0,0.04,0.06,0.0
serve_side|BH|dir=1,0.0,0.0,0.0,0.0,0.0,0.0,0.43333333333333335,0.1962962962962963,0.2111111111111111,0.0,0.0,0.0,0.0,0.0,0.0,0.0,0.018518518518518517,0.04814814814814815,0.037037037037037035,0.0,0.0,0.0,0.018518518518518517,0.007407407407407408,0.02962962962962963,0.0,0.0,0.0,0.0,0.0,0.0,0.0,0.0,0.0,0.0,0.0,0.0,0.0,0.0,0.0,0.0,0.0,0.0,0.0,0.0,0.0,0.0,0.0,0.0,0.0,0.0,0.0
serve_side|BH|dir=2,0.007738607050730868,0.07566638005159071,0.0705073086844368,0.007738607050730868,0.0017196904557179708,0.0008598452278589854,0.3112639724849527,0.18056749785038692,0.2837489251934652,0.0,0.0,0.0,0.0,0.0,0.0,0.0,0.0017196904557179708,0.008598452278589854,0.0060189165950128975,0.0,0.0,0.0008598452278589854,0.02407566638005159,0.014617368873602751,0.004299226139294927,0.0,0.0,0.0,0.0,0.0,0.0,0.0,0.0,0.0,0.0,0.0,0.0,0.0,0.0,0.0,0.0,0.0,0.0,0.0,0.0,0.0,0.0,0.0,0.0,0.0,0.0,0.0
serve_side|BH|dir=3,0.058208955223880594,0.1701492537313433,0.3440298507462687,0.008208955223880597,0.002238805970149254,0.0029850746268656717,0.08358208955223881,0.05223880597014925,0.1701492537313433,0.0,0.0,0.0,0.0,0.0,0.0,0.0,0.005970149253731343,0.02164179104477612,0.05895522388059701,0.0,0.0,0.0,0.014925373134328358,0.004477611940298508,0.002238805970149254,0.0,0.0,0.0,0.0,0.0,0.0,0.0,0.0,0.0,0.0,0.0,0.0,0.0,0.0,0.0,0.0,0.0,0.0,0.0,0.0,0.0,0.0,0.0,0.0,0.0,0.0,0.0
serve_side|BOS|dir=0,0.0,0.0,0.0,0.0,0.0,0.0,0.0,0.0,0.0,0.0,0.0,0.0,0.00022060445621001543,0.2638429296271785,0.052503860577983674,0.23825281270681667,0.0,0.0,0.0,0.0,0.0,0.0,0.0,0.0,0.0,0.0,0.0,0.0,0.0,0.0,0.0,0.0,0.0,0.0,0.0,0.0,0.0,0.0,0.0,0.0,0.22876682108978602,0.01654533421575116,0.199867637326274,0.0,0.0,0.0,0.0,0.0,0.0,0.0,0.0,0.0
serve_side|DROP_SHOT|dir=1,0.0,0.0,0.0,0.07692307692307693,0.0,0.0,0.15384615384615385,0.0,0.15384615384615385,0.0,0.0,0.0,0.0,0.0,0.0,0.0,0.07692307692307693,0.0,0.07692307692307693,0.0,0.0,0.0,0.15384615384615385,0.0,0.3076923076923077,0.0,0.0,0.0,0.0,0.0,0.0,0.0,0.0,0.0,0.0,0.0,0.0,0.0,0.0,0.0,0.0,0.0,0.0,0.0,0.0,0.0,0.0,0.0,0.0,0.0,0.0,0.0
serve_side|DROP_SHOT|dir=2,0.0,0.0,0.0,0.0,0.0,0.0,0.3333333333333333,0.0,0.0,0.0,0.0,0.0,0.0,0.0,0.0,0.0,0.0,0.6666666666666666,0.0,0.0,0.0,0.0,0.0,0.0,0.0,0.0,0.0,0.0,0.0,0.0,0.0,0.0,0.0,0.0,0.0,0.0,0.0,0.0,0.0,0.0,0.0,0.0,0.0,0.0,0.0,0.0,0.0,0.0,0.0,0.0,0.0,0.0
serve_side|DROP_SHOT|dir=3,0.1,0.0,0.2,0.0,0.0,0.0,0.0,0.0,0.0,0.0,0.0,0.0,0.0,0.0,0.0,0.0,0.4,0.1,0.2,0.0,0.0,0.0,0.0,0.0,0.0,0.0,0.0,0.0,0.0,0.0,0.0,0.0,0.0,0.0,0.0,0.0,0.0,0.0,0.0,0.0,0.0,0.0,0.0,0.0,0.0,0.0,0.0,0.0,0.0,0.0,0.0,0.0
serve_side|FH|dir=0,0.0,0.0,0.0,0.0,0.0,0.0,0.0,0.0,0.0,0.0,0.0,0.0,0.0,0.0,0.0,0.0,0.0,0.0,0.0,0.0,0.0,0.0,0.0,1.0,0.0,0.0,0.0,0.0,0.0,0.0,0.0,0.0,0.0,0.0,0.0,0.0,0.0,0.0,0.0,0.0,0.0,0.0,0.0,0.0,0.0,0.0,0.0,0.0,0.0,0.0,0.0,0.0
serve_side|FH|dir=1,0.0,0.0017543859649122807,0.0,0.0035087719298245615,0.0035087719298245615,0.0017543859649122807,0.32456140350877194,0.22807017543859648,0.2912280701754386,0.0,0.005263157894736842,0.005263157894736842,0.0,0.0,0.0,0.0,0.028070175438596492,0.05087719298245614,0.02456140350877193,0.0,0.0,0.0,0.0,0.010526315789473684,0.021052631578947368,0.0,0.0,0.0,0.0,0.0,0.0,0.0,0.0,0.0,0.0,0.0,0.0,0.0,0.0,0.0,0.0,0.0,0.0,0.0,0.0,0.0,0.0,0.0,0.0,0.0,0.0,0.0
serve_side|FH|dir=2,0.006550218340611353,0.07096069868995633,0.09934497816593886,0.0032751091703056767,0.002183406113537118,0.001091703056768559,0.20305676855895197,0.23799126637554585,0.33624454148471616,0.0,0.0,0.0,0.0,0.0,0.0,0.0,0.0,0.0054585152838427945,0.006550218340611353,0.0,0.0,0.0,0.004366812227074236,0.006550218340611353,0.016375545851528384,0.0,0.0,0.0,0.0,0.0,0.0,0.0,0.0,0.0,0.0,0.0,0.0,0.0,0.0,0.0,0.0,0.0,0.0,0.0,0.0,0.0,0.0,0.0,0.0,0.0,0.0,0.0
serve_side|FH|dir=3,0.03770949720670391,0.2276536312849162,0.4106145251396648,0.00558659217877095,0.0,0.0,0.04748603351955307,0.02094972067039106,0.10195530726256984,0.0013966480446927375,0.002793296089385475,0.002793296089385475,0.0,0.0,0.0,0.0,0.018156424581005588,0.04189944134078212,0.06843575418994413,0.0,0.0,0.0,0.004189944134078212,0.004189944134078212,0.004189944134078212,0.0,0.0,0.0,0.0,0.0,0.0,0.0,0.0,0.0,0.0,0.0,0.0,0.0,0.0,0.0,0.0,0.0,0.0,0.0,0.0,0.0,0.0,0.0,0.0,0.0,0.0,0.0
serve_side|LOB|dir=1,0.0,0.0,0.0,0.0,0.0,0.0,0.07692307692307693,0.0,0.0,0.0,0.0,0.0,0.0,0.0,0.0,0.0,0.0,0.07692307692307693,0.0,0.38461538461538464,0.07692307692307693,0.3076923076923077,0.0,0.0,0.07692307692307693,0.0,0.0,0.0,0.0,0.0,0.0,0.0,0.0,0.0,0.0,0.0,0.0,0.0,0.0,0.0,0.0,0.0,0.0,0.0,0.0,0.0,0.0,0.0,0.0,0.0,0.0,0.0
serve_side|LOB|dir=2,0.0,0.0,0.0,0.0,0.0,0.0,0.02564102564102564,0.05128205128205128,0.05128205128205128,0.0,0.02564102564102564,0.0,0.0,0.0,0.0,0.0,0.0,0.02564102564102564,0.0,0.20512820512820512,0.15384615384615385,0.38461538461538464,0.05128205128205128,0.02564102564102564,0.0,0.0,0.0,0.0,0.0,0.0,0.0,0.0,0.0,0.0,0.0,0.0,0.0,0.0,0.0,0.0,0.0,0.0,0.0,0.0,0.0,0.0,0.0,0.0,0.0,0.0,0.0,0.0
serve_side|LOB|dir=3,0.0,0.0,0.0,0.0,0.0,0.0,0.0,0.05,0.05,0.0,0.0,0.0,0.0,0.0,0.0,0.0,0.0,0.0,0.0,0.1,0.2,0.5,0.0,0.0,0.1,0.0,0.0,0.0,0.0,0.0,0.0,0.0,0.0,0.0,0.0,0.0,0.0,0.0,0.0,0.0,0.0,0.0,0.0,0.0,0.0,0.0,0.0,0.0,0.0,0.0,0.0,0.0
serve_side|OTHER|dir=3,0.5,0.0,0.0,0.0,0.0,0.0,0.0,0.0,0.5,0.0,0.0,0.0,0.0,0.0,0.0,0.0,0.0,0.0,0.0,0.0,0.0,0.0,0.0,0.0,0.0,0.0,0.0,0.0,0.0,0.0,0.0,0.0,0.0,0.0,0.0,0.0,0.0,0.0,0.0,0.0,0.0,0.0,0.0,0.0,0.0,0.0,0.0,0.0,0.0,0.0,0.0,0.0
serve_side|SERVE|dir=4,0.0,0.0,0.0,0.0,0.0,0.0,0.0,0.0,0.0,0.0,0.0,0.0,0.0,0.2697947214076246,0.4447702834799609,0.2854349951124145,0.0,0.0,0.0,0.0,0.0,0.0,0.0,0.0,0.0,0.0,0.0,0.0,0.0,0.0,0.0,0.0,0.0,0.0,0.0,0.0,0.0,0.0,0.0,0.0,0.0,0.0,0.0,0.0,0.0,0.0,0.0,0.0,0.0,0.0,0.0,0.0
serve_side|SERVE|dir=5,0.0,0.0,0.0,0.0,0.0,0.0,0.0,0.0,0.0,0.0,0.0,0.0,0.0,0.32432432432432434,0.4864864864864865,0.1891891891891892,0.0,0.0,0.0,0.0,0.0,0.0,0.0,0.0,0.0,0.0,0.0,0.0,0.0,0.0,0.0,0.0,0.0,0.0,0.0,0.0,0.0,0.0,0.0,0.0,0.0,0.0,0.0,0.0,0.0,0.0,0.0,0.0,0.0,0.0,0.0,0.0
serve_side|SERVE|dir=6,0.0,0.0,0.0,0.0,0.0,0.0,0.0,0.0,0.0,0.0,0.0,0.0,0.0,0.28376844494892167,0.4608399545970488,0.25539160045402953,0.0,0.0,0.0,0.0,0.0,0.0,0.0,0.0,0.0,0.0,0.0,0.0,0.0,0.0,0.0,0.0,0.0,0.0,0.0,0.0,0.0,0.0,0.0,0.0,0.0,0.0,0.0,0.0,0.0,0.0,0.0,0.0,0.0,0.0,0.0,0.0
serve_side|SLICE|dir=1,0.0,0.0,0.0,0.0,0.0,0.0,0.41025641025641024,0.038461538461538464,0.41025641025641024,0.0,0.0,0.0,0.0,0.0,0.0,0.0,0.0,0.0,0.01282051282051282,0.0,0.0,0.01282051282051282,0.02564102564102564,0.01282051282051282,0.07692307692307693,0.0,0.0,0.0,0.0,0.0,0.0,0.0,0.0,0.0,0.0,0.0,0.0,0.0,0.0,0.0,0.0,0.0,0.0,0.0,0.0,0.0,0.0,0.0,0.0,0.0,0.0,0.0
serve_side|SLICE|dir=2,0.002777777777777778,0.002777777777777778,0.025,0.002777777777777778,0.0,0.002777777777777778,0.36666666666666664,0.05,0.4583333333333333,0.0,0.0,0.0,0.0,0.0,0.0,0.0,0.008333333333333333,0.002777777777777778,0.005555555555555556,0.002777777777777778,0.013888888888888888,0.005555555555555556,0.027777777777777776,0.002777777777777778,0.019444444444444445,0.0,0.0,0.0,0.0,0.0,0.0,0.0,0.0,0.0,0.0,0.0,0.0,0.0,0.0,0.0,0.0,0.0,0.0,0.0,0.0,0.0,0.0,0.0,0.0,0.0,0.0,0.0
serve_side|SLICE|dir=3,0.039735099337748346,0.039735099337748346,0.16556291390728478,0.0033112582781456954,0.0,0.0,0.20198675496688742,0.033112582781456956,0.37748344370860926,0.0,0.0,0.0,0.0,0.0,0.0,0.0,0.019867549668874173,0.029801324503311258,0.052980132450331126,0.0,0.0,0.0,0.023178807947019868,0.009933774834437087,0.0033112582781456954,0.0,0.0,0.0,0.0,0.0,0.0,0.0,0.0,0.0,0.0,0.0,0.0,0.0,0.0,0.0,0.0,0.0,0.0,0.0,0.0,0.0,0.0,0.0,0.0,0.0,0.0,0.0
serve_side|SMASH|dir=2,0.0,0.0,0.0,0.0,0.0,0.0,0.0,0.5,0.0,0.0,0.0,0.25,0.0,0.0,0.0,0.0,0.0,0.25,0.0,0.0,0.0,0.0,0.0,0.0,0.0,0.0,0.0,0.0,0.0,0.0,0.0,0.0,0.0,0.0,0.0,0.0,0.0,0.0,0.0,0.0,0.0,0.0,0.0,0.0,0.0,0.0,0.0,0.0,0.0,0.0,0.0,0.0
serve_side|VOLLEY|dir=1,0.0,0.0,0.0,0.0,0.0,0.0,0.25,0.25,0.5,0.0,0.0,0.0,0.0,0.0,0.0,0.0,0.0,0.0,0.0,0.0,0.0,0.0,0.0,0.0,0.0,0.0,0.0,0.0,0.0,0.0,0.0,0.0,0.0,0.0,0.0,0.0,0.0,0.0,0.0,0.0,0.0,0.0,0.0,0.0,0.0,0.0,0.0,0.0,0.0,0.0,0.0,0.0
serve_side|VOLLEY|dir=2,0.14285714285714285,0.14285714285714285,0.0,0.0,0.0,0.0,0.42857142857142855,0.14285714285714285,0.0,0.0,0.0,0.0,0.0,0.0,0.0,0.0,0.0,0.0,0.0,0.0,0.0,0.0,0.0,0.0,0.14285714285714285,0.0,0.0,0.0,0.0,0.0,0.0,0.0,0.0,0.0,0.0,0.0,0.0,0.0,0.0,0.0,0.0,0.0,0.0,0.0,0.0,0.0,0.0,0.0,0.0,0.0,0.0,0.0
serve_side|VOLLEY|dir=3,0.16666666666666666,0.0,0.16666666666666666,0.0,0.0,0.0,0.0,0.0,0.0,0.0,0.16666666666666666,0.3333333333333333,0.0,0.0,0.0,0.0,0.0,0.0,0.0,0.0,0.0,0.0,0.0,0.0,0.16666666666666666,0.0,0.0,0.0,0.0,0.0,0.0,0.0,0.0,0.0,0.0,0.0,0.0,0.0,0.0,0.0,0.0,0.0,0.0,0.0,0.0,0.0,0.0,0.0,0.0,0.0,0.0,0.0
