,return_side|BH|dir=0,return_side|BH|dir=1,return_side|BH|dir=2,return_side|BH|dir=3,return_side|DROP_SHOT|dir=0,return_side|DROP_SHOT|dir=1,return_side|DROP_SHOT|dir=2,return_side|DROP_SHOT|dir=3,return_side|FH|dir=0,return_side|FH|dir=1,return_side|FH|dir=2,return_side|FH|dir=3,return_side|LOB|dir=0,return_side|LOB|dir=1,return_side|LOB|dir=2,return_side|LOB|dir=3,return_side|OTHER|dir=0,return_side|OTHER|dir=1,return_side|OTHER|dir=2,return_side|OTHER|dir=3,return_side|SERVE|dir=0,return_side|SERVE|dir=4,return_side|SERVE|dir=5,return_side|SERVE|dir=6,return_side|SLICE|dir=0,return_side|SLICE|dir=1,return_side|SLICE|dir=2,return_side|SLICE|dir=3,return_side|SMASH|dir=0,return_side|SMASH|dir=1,return_side|SMASH|dir=2,return_side|SMASH|dir=3,return_side|VOLLEY|dir=0,return_side|VOLLEY|dir=1,return_side|VOLLEY|dir=2,return_side|VOLLEY|dir=3,serve_side|BH|dir=0,serve_side|BH|dir=1,serve_side|BH|dir=2,serve_side|BH|dir=3,serve_side|DROP_SHOT|dir=0,serve_side|DROP_SHOT|dir=1,serve_side|DROP_SHOT|dir=2,serve_side|DROP_SHOT|dir=3,serve_side|FH|dir=0,serve_side|FH|dir=1,serve_side|FH|dir=2,serve_side|FH|dir=3,serve_side|LOB|dir=0,serve_side|LOB|dir=1,serve_side|LOB|dir=2,serve_side|LOB|dir=3,serve_side|OTHER|dir=0,serve_side|OTHER|dir=1,serve_side|OTHER|dir=2,serve_side|OTHER|dir=3,serve_side|SERVE|dir=0,serve_side|SERVE|dir=4,serve_side|SERVE|dir=5,serve_side|SERVE|dir=6,serve_side|SLICE|dir=0,serve_side|SLICE|dir=1,serve_side|SLICE|dir=2,serve_side|SLICE|dir=3,serve_side|SMASH|dir=0,serve_side|SMASH|dir=1,serve_side|SMASH|dir=2,serve_side|SMASH|dir=3,serve_side|VOLLEY|dir=0,serve_side|VOLLEY|dir=1,serve_side|VOLLEY|dir=2,serve_side|VOLLEY|dir=3
return_side|BH|dir=0,0.0,0.0,0.0,0.0,0.0,0.0,0.0,0.0,0.0,0.0,0.0,0.0,0.0,0.0,0.0,0.0,0.0,0.0,0.0,0.0,0.0,0.0,0.0,0.0,0.0,0.0,0.0,0.0,0.0,0.0,0.0,0.0,0.0,0.0,0.0,0.0,0.4758933635847986,0.0005672149744753262,0.0017016449234259785,0.0022688598979013048,0.01020986954055587,0.0,0.0,0.0,0.3357912648893931,0.0045377197958026095,0.0022688598979013048,0.0028360748723766306,0.00737379466817924,0.0,0.0,0.0,0.0011344299489506524,0.0,0.0,0.0005672149744753262,0.0,0.0,0.0,0.0,0.14237095859330687,0.0,0.0011344299489506524,0.0017016449234259785,0.0,0.0,0.0,0.0,0.007941009642654566,0.0011344299489506524,0.0,0.0005672149744753262
return_side|BH|dir=1,0.0,0.0,0.0,0.0,0.0,0.0,0.0,0.0,0.0,0.0,0.0,0.0,0.0,0.0,0.0,0.0,0.0,0.0,0.0,0.0,0.0,0.0,0.0,0.0,0.0,0.0,0.0,0.0,0.0,0.0,0.0,0.0,0.0,0.0,0.0,0.0,7.919537499010058e-05,0.03290567830838679,0.021263958184842006,0.011839708561020037,0.0,0.0017027005622871625,0.0003167814999604023,0.0020194820622475647,7.919537499010058e-05,0.37415854914073016,0.1967609091629049,0.14334362873208203,0.0,0.002851033499643621,0.009147065811356617,0.0055832739368020905,3.959768749505029e-05,3.959768749505029e-05,3.959768749505029e-05,0.0,0.0,0.0,0.0,0.0,7.919537499010058e-05,0.05278371743090204,0.09329215173833848,0.0342519996832185,0.0,0.00023758612497030174,3.959768749505029e-05,3.959768749505029e-05,0.0,0.007642353686544706,0.004355745624455532,0.005108101686861487
return_side|BH|dir=2,0.0,0.0,0.0,0.0,0.0,0.0,0.0,0.0,0.0,0.0,0.0,0.0,0.0,0.0,0.0,0.0,0.0,0.0,0.0,0.0,0.0,0.0,0.0,0.0,0.0,0.0,0.0,0.0,0.0,0.0,0.0,0.0,0.0,0.0,0.0,0.0,5.4168246573858405e-05,0.05312099380676381,0.13617897188668002,0.12570644421573407,1.8056082191286134e-05,0.005832114547785421,0.0013903183287290325,0.007493274109383746,0.00010833649314771681,0.23200260007583554,0.14110828232490114,0.19941137172056408,0.0,5.4168246573858405e-05,0.0005236263835472979,0.0001625047397215752,0.0,1.8056082191286134e-05,0.00012639257533900294,1.8056082191286134e-05,0.0,0.0,0.0,0.0,3.611216438257227e-05,0.013975407616055468,0.0360760522181897,0.03107451745120344,0.0,9.028041095643068e-05,9.028041095643068e-05,0.00012639257533900294,1.8056082191286134e-05,0.007023815972410306,0.004080674575230666,0.004080674575230666
return_side|BH|dir=3,0.0,0.0,0.0,0.0,0.0,0.0,0.0,0.0,0.0,0.0,0.0,0.0,0.0,0.0,0.0,0.0,0.0,0.0,0.0,0.0,0.0,0.0,0.0,0.0,0.0,0.0,0.0,0.0,0.0,0.0,0.0,0.0,0.0,0.0,0.0,0.0,0.00010876395804128197,0.08128293130951805,0.1962464349591531,0.3639483733745831,1.2084884226809107e-05,0.006803789819693528,0.0009788756223715377,0.005305264175569198,2.4169768453618215e-05,0.03492531541547832,0.023783052158360324,0.08131918596219848,1.2084884226809107e-05,0.001015130275051965,0.0037825687629912505,0.0016797989075264658,1.2084884226809107e-05,1.2084884226809107e-05,3.625465268042732e-05,3.625465268042732e-05,0.0,0.0,0.0,0.0,4.833953690723643e-05,0.02232078116691642,0.05892589548992121,0.1092110987576739,0.0,2.4169768453618215e-05,3.625465268042732e-05,1.2084884226809107e-05,0.0,0.003613380383815923,0.0022961280030937303,0.0021873640450524486
return_side|DROP_SHOT|dir=0,0.0,0.0,0.0,0.0,0.0,0.0,0.0,0.0,0.0,0.0,0.0,0.0,0.0,0.0,0.0,0.0,0.0,0.0,0.0,0.0,0.0,0.0,0.0,0.0,0.0,0.0,0.0,0.0,0.0,0.0,0.0,0.0,0.0,0.0,0.0,0.0,0.09090909090909091,0.0,0.0,0.0,0.18181818181818182,0.0,0.0,0.0,0.21212121212121213,0.0,0.06060606060606061,0.0,0.06060606060606061,0.0,0.0,0.0,0.0,0.0,0.0,0.0,0.0,0.0,0.0,0.0,0.15151515151515152,0.0,0.0,0.0,0.0,0.0,0.0,0.0,0.24242424242424243,0.0,0.0,0.0
return_side|DROP_SHOT|dir=1,0.0,0.0,0.0,0.0,0.0,0.0,0.0,0.0,0.0,0.0,0.0,0.0,0.0,0.0,0.0,0.0,0.0,0.0,0.0,0.0,0.0,0.0,0.0,0.0,0.0,0.0,0.0,0.0,0.0,0.0,0.0,0.0,0.0,0.0,0.0,0.0,0.0,0.01147605856747131,0.002770083102493075,0.01187178472497032,0.0,0.038781163434903045,0.006331618519984171,0.0518401266323704,0.0,0.12465373961218837,0.030470914127423823,0.16066481994459833,0.0,0.003957261574990107,0.009497427779976256,0.006331618519984171,0.0,0.0,0.0003957261574990107,0.0,0.0,0.0,0.0,0.0,0.0,0.09774436090225563,0.0593589236248516,0.24337158686189156,0.0,0.0,0.0,0.0,0.0,0.03442817570241393,0.016224772457459437,0.08982983775227543
return_side|DROP_SHOT|dir=2,0.0,0.0,0.0,0.0,0.0,0.0,0.0,0.0,0.0,0.0,0.0,0.0,0.0,0.0,0.0,0.0,0.0,0.0,0.0,0.0,0.0,0.0,0.0,0.0,0.0,0.0,0.0,0.0,0.0,0.0,0.0,0.0,0.0,0.0,0.0,0.0,0.0,0.05649717514124294,0.011299435028248588,0.060263653483992465,0.0,0.02071563088512241,0.018832391713747645,0.02071563088512241,0.0,0.07909604519774012,0.01694915254237288,0.05084745762711865,0.0,0.003766478342749529,0.013182674199623353,0.0018832391713747645,0.0,0.0,0.0,0.0018832391713747645,0.0,0.0,0.0,0.0,0.0,0.18832391713747645,0.1111111111111111,0.22598870056497175,0.0,0.0,0.0,0.0,0.0,0.03766478342749529,0.026365348399246705,0.054613935969868174
return_side|DROP_SHOT|dir=3,0.0,0.0,0.0,0.0,0.0,0.0,0.0,0.0,0.0,0.0,0.0,0.0,0.0,0.0,0.0,0.0,0.0,0.0,0.0,0.0,0.0,0.0,0.0,0.0,0.0,0.0,0.0,0.0,0.0,0.0,0.0,0.0,0.0,0.0,0.0,0.0,0.0,0.09880239520958084,0.01309880239520958,0.08794910179640719,0.0,0.04565868263473054,0.0007485029940119761,0.04303892215568862,0.0,0.010853293413173653,0.0,0.010479041916167664,0.0,0.0014970059880239522,0.012724550898203593,0.014595808383233533,0.0,0.00037425149700598805,0.0,0.0,0.0,0.0,0.0,0.0,0.0,0.29229041916167664,0.05651197604790419,0.19461077844311378,0.0,0.0,0.0,0.0,0.0,0.05763473053892216,0.01347305389221557,0.04565868263473054
return_side|FH|dir=0,0.0,0.0,0.0,0.0,0.0,0.0,0.0,0.0,0.0,0.0,0.0,0.0,0.0,0.0,0.0,0.0,0.0,0.0,0.0,0.0,0.0,0.0,0.0,0.0,0.0,0.0,0.0,0.0,0.0,0.0,0.0,0.0,0.0,0.0,0.0,0.0,0.3630218687872763,0.0007952286282306163,0.0011928429423459245,0.0019880715705765406,0.0031809145129224653,0.0,0.0,0.0,0.48190854870775346,0.0011928429423459245,0.0,0.0007952286282306163,0.022664015904572565,0.0,0.0,0.0007952286282306163,0.0007952286282306163,0.0,0.0,0.0,0.0,0.0,0.0,0.0,0.11491053677932406,0.00039761431411530816,0.0015904572564612327,0.00039761431411530816,0.0,0.0,0.0,0.0,0.00437375745526839,0.0,0.0,0.0
return_side|FH|dir=1,0.0,0.0,0.0,0.0,0.0,0.0,0.0,0.0,0.0,0.0,0.0,0.0,0.0,0.0,0.0,0.0,0.0,0.0,0.0,0.0,0.0,0.0,0.0,0.0,0.0,0.0,0.0,0.0,0.0,0.0,0.0,0.0,0.0,0.0,0.0,0.0,1.1490422732652335e-05,0.03826310769973227,0.03358650564754277,0.014156200806627675,0.0,0.0021716898964712914,0.0007353870548897494,0.0028036631467671697,0.00014937549552448035,0.33909386526330304,0.24723942593848028,0.16578381918670787,4.596169093060934e-05,0.004906410506842547,0.013604660515460363,0.005423479529811902,1.1490422732652335e-05,0.00010341380459387101,0.00032173183651426537,8.043295912856634e-05,0.0,0.0,0.0,0.0,1.1490422732652335e-05,0.02963380022751037,0.07070057107400982,0.027209321030920726,0.0,6.8942536395914e-05,5.745211366326167e-05,2.298084546530467e-05,0.0,0.0006319732502958784,0.0012869273460570615,0.0018844293281549828
return_side|FH|dir=2,0.0,0.0,0.0,0.0,0.0,0.0,0.0,0.0,0.0,0.0,0.0,0.0,0.0,0.0,0.0,0.0,0.0,0.0,0.0,0.0,0.0,0.0,0.0,0.0,0.0,0.0,0.0,0.0,0.0,0.0,0.0,0.0,0.0,0.0,0.0,0.0,0.00010830324909747292,0.05615523465703971,0.1634837545126354,0.14850180505415161,1.805054151624549e-05,0.006425992779783393,0.001299638989169675,0.004855595667870036,5.415162454873646e-05,0.18745487364620939,0.175,0.18918772563176894,0.0,0.00018050541516245486,0.0017148014440433214,0.0007220216606498195,0.0,1.805054151624549e-05,0.0001263537906137184,5.415162454873646e-05,0.0,0.0,0.0,0.0,0.0,0.0061010830324909745,0.02648014440433213,0.024205776173285197,0.0,0.0001263537906137184,9.025270758122743e-05,0.00016245487364620939,0.0,0.0014981949458483755,0.002184115523465704,0.0037906137184115524
return_side|FH|dir=3,0.0,0.0,0.0,0.0,0.0,0.0,0.0,0.0,0.0,0.0,0.0,0.0,0.0,0.0,0.0,0.0,0.0,0.0,0.0,0.0,0.0,0.0,0.0,0.0,0.0,0.0,0.0,0.0,0.0,0.0,0.0,0.0,0.0,0.0,0.0,0.0,0.0001186265205763092,0.0747131395047882,0.2372206884651885,0.3461737554999569,0.0,0.003041152618410836,0.0005068587697351393,0.0019195927875075489,0.0,0.014494003968596325,0.021406694849452162,0.04668492796134932,7.548960400310585e-05,0.006653869381416616,0.023768441031835043,0.011021482184453455,3.235268742990251e-05,7.548960400310585e-05,0.00021568458286601674,0.00012941074971961004,0.0,0.0,0.0,0.0,5.3921145716504185e-05,0.02281942886722457,0.08631697006297989,0.09825511172461393,0.0,6.470537485980502e-05,4.313691657320335e-05,7.548960400310585e-05,0.0,0.000733327581744457,0.0014019497886291088,0.001984298162367354
return_side|LOB|dir=0,0.0,0.0,0.0,0.0,0.0,0.0,0.0,0.0,0.0,0.0,0.0,0.0,0.0,0.0,0.0,0.0,0.0,0.0,0.0,0.0,0.0,0.0,0.0,0.0,0.0,0.0,0.0,0.0,0.0,0.0,0.0,0.0,0.0,0.0,0.0,0.0,0.0,0.0,0.0,0.0,0.0,0.0,0.0,0.0,0.35714285714285715,0.0,0.0,0.0,0.0,0.0,0.0,0.0,0.14285714285714285,0.0,0.0,0.0,0.0,0.0,0.0,0.0,0.0,0.0,0.0,0.0,0.2857142857142857,0.07142857142857142,0.07142857142857142,0.07142857142857142,0.0,0.0,0.0,0.0
return_side|LOB|dir=1,0.0,0.0,0.0,0.0,0.0,0.0,0.0,0.0,0.0,0.0,0.0,0.0,0.0,0.0,0.0,0.0,0.0,0.0,0.0,0.0,0.0,0.0,0.0,0.0,0.0,0.0,0.0,0.0,0.0,0.0,0.0,0.0,0.0,0.0,0.0,0.0,0.0,0.0038022813688212928,0.0076045627376425855,0.0038022813688212928,0.0,0.0,0.0,0.0,0.0,0.11406844106463879,0.06844106463878327,0.06463878326996197,0.0,0.011406844106463879,0.030418250950570342,0.0,0.0,0.015209125475285171,0.022813688212927757,0.0,0.0,0.0,0.0,0.0,0.0,0.0,0.0,0.0038022813688212928,0.0,0.23193916349809887,0.20532319391634982,0.1520912547528517,0.0,0.026615969581749048,0.019011406844106463,0.019011406844106463
return_side|LOB|dir=2,0.0,0.0,0.0,0.0,0.0,0.0,0.0,0.0,0.0,0.0,0.0,0.0,0.0,0.0,0.0,0.0,0.0,0.0,0.0,0.0,0.0,0.0,0.0,0.0,0.0,0.0,0.0,0.0,0.0,0.0,0.0,0.0,0.0,0.0,0.0,0.0,0.0,0.0036231884057971015,0.0036231884057971015,0.0036231884057971015,0.0,0.0,0.0024154589371980675,0.0,0.0,0.04106280193236715,0.04589371980676329,0.07004830917874397,0.0,0.00966183574879227,0.025362318840579712,0.006038647342995169,0.0,0.0036231884057971015,0.027777777777777776,0.006038647342995169,0.0,0.0,0.0,0.0,0.0,0.0012077294685990338,0.01570048309178744,0.0024154589371980675,0.0024154589371980675,0.17753623188405798,0.22342995169082125,0.2572463768115942,0.0,0.03140096618357488,0.012077294685990338,0.027777777777777776
return_side|LOB|dir=3,0.0,0.0,0.0,0.0,0.0,0.0,0.0,0.0,0.0,0.0,0.0,0.0,0.0,0.0,0.0,0.0,0.0,0.0,0.0,0.0,0.0,0.0,0.0,0.0,0.0,0.0,0.0,0.0,0.0,0.0,0.0,0.0,0.0,0.0,0.0,0.0,0.0,0.005119453924914676,0.025597269624573378,0.02901023890784983,0.0,0.0017064846416382253,0.0,0.0,0.0,0.030716723549488054,0.020477815699658702,0.08361774744027303,0.0,0.008532423208191127,0.03924914675767918,0.015358361774744027,0.0,0.005119453924914676,0.03583617747440273,0.02218430034129693,0.0,0.0,0.0,0.0,0.0,0.0017064846416382253,0.005119453924914676,0.005119453924914676,0.0,0.12116040955631399,0.17064846416382254,0.28498293515358364,0.0,0.02218430034129693,0.02218430034129693,0.04436860068259386
return_side|OTHER|dir=0,0.0,0.0,0.0,0.0,0.0,0.0,0.0,0.0,0.0,0.0,0.0,0.0,0.0,0.0,0.0,0.0,0.0,0.0,0.0,0.0,0.0,0.0,0.0,0.0,0.0,0.0,0.0,0.0,0.0,0.0,0.0,0.0,0.0,0.0,0.0,0.0,0.0,0.0,0.0,0.05263157894736842,0.0,0.05263157894736842,0.0,0.0,0.0,0.0,0.05263157894736842,0.10526315789473684,0.0,0.0,0.0,0.0,0.3157894736842105,0.05263157894736842,0.05263157894736842,0.21052631578947367,0.0,0.0,0.0,0.0,0.0,0.0,0.10526315789473684,0.0,0.0,0.0,0.0,0.0,0.0,0.0,0.0,0.0
return_side|OTHER|dir=1,0.0,0.0,0.0,0.0,0.0,0.0,0.0,0.0,0.0,0.0,0.0,0.0,0.0,0.0,0.0,0.0,0.0,0.0,0.0,0.0,0.0,0.0,0.0,0.0,0.0,0.0,0.0,0.0,0.0,0.0,0.0,0.0,0.0,0.0,0.0,0.0,0.0,0.0,0.0,0.0,0.0,0.0,0.0,0.0,0.0,0.3076923076923077,0.07692307692307693,0.19230769230769232,0.0,0.0,0.0,0.0,0.0,0.07692307692307693,0.0,0.0,0.0,0.0,0.0,0.0,0.0,0.038461538461538464,0.0,0.11538461538461539,0.0,0.07692307692307693,0.0,0.038461538461538464,0.0,0.07692307692307693,0.0,0.0
return_side|OTHER|dir=2,0.0,0.0,0.0,0.0,0.0,0.0,0.0,0.0,0.0,0.0,0.0,0.0,0.0,0.0,0.0,0.0,0.0,0.0,0.0,0.0,0.0,0.0,0.0,0.0,0.0,0.0,0.0,0.0,0.0,0.0,0.0,0.0,0.0,0.0,0.0,0.0,0.0,0.013333333333333334,0.013333333333333334,0.04,0.0,0.013333333333333334,0.0,0.02666666666666667,0.013333333333333334,0.25333333333333335,0.06666666666666667,0.14666666666666667,0.0,0.0,0.0,0.0,0.0,0.0,0.0,0.0,0.0,0.0,0.0,0.0,0.0,0.013333333333333334,0.013333333333333334,0.04,0.0,0.0,0.05333333333333334,0.05333333333333334,0.0,0.06666666666666667,0.013333333333333334,0.16
return_side|OTHER|dir=3,0.0,0.0,0.0,0.0,0.0,0.0,0.0,0.0,0.0,0.0,0.0,0.0,0.0,0.0,0.0,0.0,0.0,0.0,0.0,0.0,0.0,0.0,0.0,0.0,0.0,0.0,0.0,0.0,0.0,0.0,0.0,0.0,0.0,0.0,0.0,0.0,0.0,0.0,0.06382978723404255,0.14893617021276595,0.0,0.0,0.02127659574468085,0.0425531914893617,0.0,0.0851063829787234,0.0,0.1276595744680851,0.0,0.0,0.02127659574468085,0.02127659574468085,0.0,0.0,0.0,0.0,0.0,0.0,0.0,0.0,0.0,0.06382978723404255,0.0425531914893617,0.10638297872340426,0.0,0.0425531914893617,0.0425531914893617,0.0851063829787234,0.0,0.0425531914893617,0.02127659574468085,0.02127659574468085
return_side|SERVE|dir=0,0.0,0.0,0.0,0.0,0.0,0.0,0.0,0.0,0.0,0.0,0.0,0.0,0.0,0.0,0.0,0.0,0.0,0.0,0.0,0.0,0.0,0.0,0.0,0.0,0.0,0.0,0.0,0.0,0.0,0.0,0.0,0.0,0.0,0.0,0.0,0.0,0.013888888888888888,0.020833333333333332,0.05555555555555555,0.027777777777777776,0.006944444444444444,0.0,0.0,0.0,0.027777777777777776,0.034722222222222224,0.020833333333333332,0.013888888888888888,0.0,0.0,0.0,0.006944444444444444,0.4375,0.04861111111111111,0.1597222222222222,0.08333333333333333,0.0,0.0,0.0,0.0,0.006944444444444444,0.0,0.020833333333333332,0.006944444444444444,0.0,0.0,0.0,0.006944444444444444,0.0,0.0,0.0,0.0
return_side|SERVE|dir=4,0.0,0.0,0.0,0.0,0.0,0.0,0.0,0.0,0.0,0.0,0.0,0.0,0.0,0.0,0.0,0.0,0.0,0.0,0.0,0.0,0.0,0.0,0.0,0.0,0.0,0.0,0.0,0.0,0.0,0.0,0.0,0.0,0.0,0.0,0.0,0.0,0.0043722429058599,0.03895128742608641,0.20636360792165942,0.22133404248662517,0.0,0.0001798955041767043,9.385852391828051e-05,0.00014078778587742078,0.003285048337139818,0.09979507555611175,0.208788286456215,0.05670619153396114,7.039389293871039e-05,0.0016659887995494791,0.004247098207302193,0.0020101367205831743,2.3464630979570128e-05,0.0004067202703125489,0.0023464630979570127,0.00183024121640647,0.0,0.0,0.0,0.0,0.0012201608109376468,0.01896724337515252,0.08441792072083347,0.0427290930137972,0.0,0.0,0.0,0.0,0.0,1.564308731971342e-05,3.910771829928355e-05,0.0
return_side|SERVE|dir=5,0.0,0.0,0.0,0.0,0.0,0.0,0.0,0.0,0.0,0.0,0.0,0.0,0.0,0.0,0.0,0.0,0.0,0.0,0.0,0.0,0.0,0.0,0.0,0.0,0.0,0.0,0.0,0.0,0.0,0.0,0.0,0.0,0.0,0.0,0.0,0.0,0.008484194994608705,0.06130469326371943,0.30835366891776855,0.1687049543158731,0.0,0.000198626638669769,0.0001276885534305658,0.00015606378752624708,0.006114862947619318,0.07010101583338063,0.22371034561035127,0.08374950343340333,1.4187617047840645e-05,0.0001276885534305658,0.0002979399580046535,0.00015606378752624708,2.837523409568129e-05,0.00036887804324385674,0.0010073208103966859,0.0005533170648657852,0.0,0.0,0.0,0.0,0.0009363827251574826,0.008697009250326316,0.04121502752397707,0.015507065433289825,0.0,0.0,0.0,0.0,0.0,1.4187617047840645e-05,5.675046819136258e-05,1.4187617047840645e-05
return_side|SERVE|dir=6,0.0,0.0,0.0,0.0,0.0,0.0,0.0,0.0,0.0,0.0,0.0,0.0,0.0,0.0,0.0,0.0,0.0,0.0,0.0,0.0,0.0,0.0,0.0,0.0,0.0,0.0,0.0,0.0,0.0,0.0,0.0,0.0,0.0,0.0,0.0,0.0,0.0038096112360582,0.058741451324184145,0.2909716803598476,0.09715885619865057,0.0,0.00010097764722081975,0.00011015743333180336,0.00010097764722081975,0.0029834304860696746,0.046706751732684626,0.22485886078854364,0.08506907789048515,2.753935833295084e-05,0.0016799008583100014,0.004406297333272135,0.001946114655528526,9.179786110983615e-06,0.00021113508055262313,0.0008261807499885253,0.00018359572221967227,0.0,0.0,0.0,0.0,0.001138293477761968,0.02018634965805297,0.12053059163721486,0.03806857300224905,0.0,0.0,0.0,0.0,9.179786110983615e-06,0.0,0.00010097764722081975,6.42585027768853e-05
return_side|SLICE|dir=0,0.0,0.0,0.0,0.0,0.0,0.0,0.0,0.0,0.0,0.0,0.0,0.0,0.0,0.0,0.0,0.0,0.0,0.0,0.0,0.0,0.0,0.0,0.0,0.0,0.0,0.0,0.0,0.0,0.0,0.0,0.0,0.0,0.0,0.0,0.0,0.0,0.2563291139240506,0.0031645569620253164,0.0,0.0,0.02531645569620253,0.0,0.0,0.0,0.5253164556962026,0.0031645569620253164,0.0,0.00949367088607595,0.012658227848101266,0.0,0.0,0.0,0.0,0.0,0.0,0.0,0.0,0.0,0.0,0.0,0.1518987341772152,0.0,0.0031645569620253164,0.0,0.0,0.0,0.0,0.0,0.0031645569620253164,0.0031645569620253164,0.0031645569620253164,0.0
return_side|SLICE|dir=1,0.0,0.0,0.0,0.0,0.0,0.0,0.0,0.0,0.0,0.0,0.0,0.0,0.0,0.0,0.0,0.0,0.0,0.0,0.0,0.0,0.0,0.0,0.0,0.0,0.0,0.0,0.0,0.0,0.0,0.0,0.0,0.0,0.0,0.0,0.0,0.0,0.0,0.036290322580645164,0.013064516129032259,0.018225806451612904,0.0,0.0070967741935483875,0.0011290322580645162,0.012258064516129033,0.0003225806451612903,0.3767741935483871,0.09193548387096774,0.26629032258064517,0.0,0.003064516129032258,0.015806451612903227,0.011612903225806452,0.0,0.0008064516129032258,0.0011290322580645162,0.0,0.0,0.0,0.0,0.0,0.0,0.029838709677419355,0.02661290322580645,0.04419354838709678,0.0,0.0003225806451612903,0.0004838709677419355,0.0006451612903225806,0.0,0.014516129032258065,0.008870967741935484,0.01870967741935484
return_side|SLICE|dir=2,0.0,0.0,0.0,0.0,0.0,0.0,0.0,0.0,0.0,0.0,0.0,0.0,0.0,0.0,0.0,0.0,0.0,0.0,0.0,0.0,0.0,0.0,0.0,0.0,0.0,0.0,0.0,0.0,0.0,0.0,0.0,0.0,0.0,0.0,0.0,0.0,0.0,0.037839087546239214,0.037916152897657214,0.09255548705302097,0.0,0.013332305795314426,0.003005548705302096,0.014334155363748458,0.0,0.2628699136868064,0.06766337854500616,0.30463933415536376,0.0,0.0006165228113440197,0.002928483353884094,0.0030826140567200987,0.0,0.0,0.00030826140567200987,0.00015413070283600493,0.0,0.0,0.0,0.0,0.0,0.02566276202219482,0.029978421701602958,0.054022811344019726,0.0,0.001155980271270037,0.0023890258939580763,0.0015413070283600493,0.0,0.01718557336621455,0.008168927250308261,0.018649815043156596
return_side|SLICE|dir=3,0.0,0.0,0.0,0.0,0.0,0.0,0.0,0.0,0.0,0.0,0.0,0.0,0.0,0.0,0.0,0.0,0.0,0.0,0.0,0.0,0.0,0.0,0.0,0.0,0.0,0.0,0.0,0.0,0.0,0.0,0.0,0.0,0.0,0.0,0.0,0.0,0.0001154068090017311,0.07512983266012695,0.05672244662435084,0.24443162146566647,0.0,0.012002308136180034,0.001154068090017311,0.012290825158684363,0.0,0.10415464512406232,0.022215810732833238,0.19590305828043855,0.0,0.0017311021350259665,0.008193883439122909,0.00946335833814195,0.0,5.770340450086555e-05,0.0005770340450086555,0.0003462204270051933,0.0,0.0,0.0,0.0,0.0,0.04950952106174264,0.03744950952106174,0.1425274091171379,0.0,0.0006347374495095211,0.00051933064050779,0.0006924408540103866,0.0,0.011252163877668782,0.004616272360069244,0.00830929024812464
return_side|SMASH|dir=0,0.0,0.0,0.0,0.0,0.0,0.0,0.0,0.0,0.0,0.0,0.0,0.0,0.0,0.0,0.0,0.0,0.0,0.0,0.0,0.0,0.0,0.0,0.0,0.0,0.0,0.0,0.0,0.0,0.0,0.0,0.0,0.0,0.0,0.0,0.0,0.0,0.3333333333333333,0.0,0.0,0.0,0.0,0.0,0.0,0.0,0.2857142857142857,0.0,0.0,0.0,0.19047619047619047,0.047619047619047616,0.0,0.0,0.047619047619047616,0.0,0.0,0.0,0.0,0.0,0.0,0.0,0.09523809523809523,0.0,0.0,0.0,0.0,0.0,0.0,0.0,0.0,0.0,0.0,0.0
return_side|SMASH|dir=1,0.0,0.0,0.0,0.0,0.0,0.0,0.0,0.0,0.0,0.0,0.0,0.0,0.0,0.0,0.0,0.0,0.0,0.0,0.0,0.0,0.0,0.0,0.0,0.0,0.0,0.0,0.0,0.0,0.0,0.0,0.0,0.0,0.0,0.0,0.0,0.0,0.0,0.015915119363395226,0.03183023872679045,0.011936339522546418,0.0,0.001326259946949602,0.0,0.0,0.0,0.13793103448275862,0.27453580901856767,0.08885941644562334,0.0,0.04907161803713528,0.14721485411140584,0.04774535809018567,0.0,0.001326259946949602,0.002652519893899204,0.001326259946949602,0.0,0.0,0.0,0.0,0.0,0.04376657824933687,0.11671087533156499,0.01989389920424403,0.0,0.0,0.003978779840848806,0.0,0.0,0.0,0.0,0.003978779840848806
return_side|SMASH|dir=2,0.0,0.0,0.0,0.0,0.0,0.0,0.0,0.0,0.0,0.0,0.0,0.0,0.0,0.0,0.0,0.0,0.0,0.0,0.0,0.0,0.0,0.0,0.0,0.0,0.0,0.0,0.0,0.0,0.0,0.0,0.0,0.0,0.0,0.0,0.0,0.0,0.0,0.023178807947019868,0.17991169977924945,0.05408388520971302,0.0,0.0,0.0,0.002207505518763797,0.0,0.09271523178807947,0.19536423841059603,0.0772626931567329,0.0,0.03863134657836645,0.09050772626931568,0.03421633554083885,0.0,0.0011037527593818985,0.0033112582781456954,0.0,0.0,0.0,0.0,0.0,0.0,0.02759381898454746,0.1357615894039735,0.025386313465783666,0.0,0.0033112582781456954,0.0011037527593818985,0.0,0.0,0.004415011037527594,0.005518763796909493,0.004415011037527594
return_side|SMASH|dir=3,0.0,0.0,0.0,0.0,0.0,0.0,0.0,0.0,0.0,0.0,0.0,0.0,0.0,0.0,0.0,0.0,0.0,0.0,0.0,0.0,0.0,0.0,0.0,0.0,0.0,0.0,0.0,0.0,0.0,0.0,0.0,0.0,0.0,0.0,0.0,0.0,0.0,0.07781282860147214,0.23659305993690852,0.12092534174553102,0.0,0.0031545741324921135,0.0,0.0,0.0,0.014721345951629864,0.023133543638275498,0.01892744479495268,0.002103049421661409,0.07991587802313355,0.15457413249211358,0.08096740273396424,0.0,0.0,0.002103049421661409,0.0010515247108307045,0.0,0.0,0.0,0.0,0.0,0.03259726603575184,0.11882229232386961,0.029442691903259727,0.0,0.0,0.0010515247108307045,0.0,0.0,0.0,0.002103049421661409,0.0
return_side|VOLLEY|dir=0,0.0,0.0,0.0,0.0,0.0,0.0,0.0,0.0,0.0,0.0,0.0,0.0,0.0,0.0,0.0,0.0,0.0,0.0,0.0,0.0,0.0,0.0,0.0,0.0,0.0,0.0,0.0,0.0,0.0,0.0,0.0,0.0,0.0,0.0,0.0,0.0,0.23076923076923078,0.0,0.0,0.0,0.0,0.0,0.0,0.0,0.2153846153846154,0.0,0.015384615384615385,0.0,0.27692307692307694,0.0,0.0,0.0,0.0,0.0,0.0,0.0,0.0,0.0,0.0,0.0,0.09230769230769231,0.015384615384615385,0.0,0.0,0.0,0.0,0.0,0.0,0.15384615384615385,0.0,0.0,0.0
return_side|VOLLEY|dir=1,0.0,0.0,0.0,0.0,0.0,0.0,0.0,0.0,0.0,0.0,0.0,0.0,0.0,0.0,0.0,0.0,0.0,0.0,0.0,0.0,0.0,0.0,0.0,0.0,0.0,0.0,0.0,0.0,0.0,0.0,0.0,0.0,0.0,0.0,0.0,0.0,0.0,0.013004791238877482,0.009924709103353867,0.014715947980835045,0.0,0.00034223134839151266,0.0,0.0,0.00034223134839151266,0.1379192334017796,0.10061601642710473,0.22245037645448323,0.0006844626967830253,0.05167693360711841,0.14887063655030802,0.10677618069815195,0.0,0.002053388090349076,0.003080082135523614,0.00034223134839151266,0.0,0.0,0.0,0.0,0.0,0.043121149897330596,0.040383299110198494,0.043463381245722105,0.0,0.00034223134839151266,0.00034223134839151266,0.00034223134839151266,0.0,0.015058179329226557,0.016084873374401096,0.02806297056810404
return_side|VOLLEY|dir=2,0.0,0.0,0.0,0.0,0.0,0.0,0.0,0.0,0.0,0.0,0.0,0.0,0.0,0.0,0.0,0.0,0.0,0.0,0.0,0.0,0.0,0.0,0.0,0.0,0.0,0.0,0.0,0.0,0.0,0.0,0.0,0.0,0.0,0.0,0.0,0.0,0.0010005002501250625,0.080040020010005,0.08904452226113056,0.08504252126063032,0.0,0.0015007503751875938,0.0010005002501250625,0.0015007503751875938,0.0005002501250625312,0.11505752876438219,0.08754377188594298,0.11755877938969485,0.0005002501250625312,0.02051025512756378,0.11255627813906953,0.07103551775887944,0.0005002501250625312,0.0015007503751875938,0.006003001500750375,0.002001000500250125,0.0,0.0,0.0,0.0,0.0005002501250625312,0.03851925962981491,0.04302151075537769,0.048024012006003,0.0,0.0025012506253126563,0.004502251125562781,0.0015007503751875938,0.0,0.017008504252126064,0.031015507753876938,0.01900950475237619
return_side|VOLLEY|dir=3,0.0,0.0,0.0,0.0,0.0,0.0,0.0,0.0,0.0,0.0,0.0,0.0,0.0,0.0,0.0,0.0,0.0,0.0,0.0,0.0,0.0,0.0,0.0,0.0,0.0,0.0,0.0,0.0,0.0,0.0,0.0,0.0,0.0,0.0,0.0,0.0,0.0002945508100147275,0.15758468335787923,0.09337260677466863,0.12459499263622975,0.0,0.00117820324005891,0.0,0.00117820324005891,0.0,0.017673048600883652,0.010014727540500737,0.019440353460972018,0.000589101620029455,0.040353460972017675,0.16642120765832105,0.13343151693667157,0.0,0.0,0.003240058910162003,0.0008836524300441826,0.0,0.0,0.0,0.0,0.0,0.05390279823269514,0.04329896907216495,0.07304860088365243,0.0,0.00117820324005891,0.0017673048600883653,0.000589101620029455,0.0,0.016494845360824743,0.017378497790868926,0.022091310751104567
serve_side|BH|dir=0,0.43065161994903534,0.0007280669821623589,0.00036403349108117945,0.004732435384055333,0.010921004732435385,0.0,0.00036403349108117945,0.0007280669821623589,0.446305060065526,0.0018201674554058974,0.002184200946487077,0.002184200946487077,0.0014561339643247178,0.0,0.0,0.0,0.0,0.0,0.0,0.0,0.0,0.0,0.0010921004732435385,0.0014561339643247178,0.07098653076083,0.00036403349108117945,0.00036403349108117945,0.002184200946487077,0.0010921004732435385,0.0,0.0,0.0,0.019293775027302514,0.0,0.00036403349108117945,0.00036403349108117945,0.0,0.0,0.0,0.0,0.0,0.0,0.0,0.0,0.0,0.0,0.0,0.0,0.0,0.0,0.0,0.0,0.0,0.0,0.0,0.0,0.0,0.0,0.0,0.0,0.0,0.0,0.0,0.0,0.0,0.0,0.0,0.0,0.0,0.0,0.0,0.0
serve_side|BH|dir=1,3.134796238244514e-05,0.045391849529780565,0.029498432601880877,0.014482758620689656,0.0,0.0027899686520376174,0.0006269592476489029,0.003949843260188088,9.404388714733542e-05,0.37579937304075234,0.18275862068965518,0.17210031347962382,3.134796238244514e-05,0.0014106583072100312,0.004231974921630094,0.0023197492163009406,0.0,0.0,0.00012539184952978057,0.0,0.0,0.0,0.0,0.0,3.134796238244514e-05,0.0374294670846395,0.06300940438871473,0.026520376175548588,0.0,0.00025078369905956113,0.00018808777429467084,0.00018808777429467084,0.0,0.01736677115987461,0.009310344827586206,0.01006269592476489,0.0,0.0,0.0,0.0,0.0,0.0,0.0,0.0,0.0,0.0,0.0,0.0,0.0,0.0,0.0,0.0,0.0,0.0,0.0,0.0,0.0,0.0,0.0,0.0,0.0,0.0,0.0,0.0,0.0,0.0,0.0,0.0,0.0,0.0,0.0,0.0
serve_side|BH|dir=2,1.7919862375456956e-05,0.04632284424055623,0.11273385420399971,0.10556590925381693,0.0,0.0082431366927102,0.001854705755859795,0.007275464124435524,8.959931187728479e-05,0.2534495735072755,0.14844813991828543,0.24470468066805248,0.0,1.7919862375456956e-05,0.00015231883019138412,9.855924306501326e-05,2.6879793563185434e-05,1.7919862375456956e-05,7.167944950182782e-05,5.375958712637087e-05,0.0,0.0,0.0,0.0,0.0,0.006245072037846749,0.016100996344348074,0.013439896781592717,0.0,0.00017023869256684108,0.00031359759157049673,0.00030463766038276824,8.959931187728478e-06,0.01620851551860082,0.008368575729338398,0.009694645545122213,0.0,0.0,0.0,0.0,0.0,0.0,0.0,0.0,0.0,0.0,0.0,0.0,0.0,0.0,0.0,0.0,0.0,0.0,0.0,0.0,0.0,0.0,0.0,0.0,0.0,0.0,0.0,0.0,0.0,0.0,0.0,0.0,0.0,0.0,0.0,0.0
serve_side|BH|dir=3,0.00013622122326658494,0.08587385914725514,0.1875402987785497,0.3571720474049857,0.0,0.009599055532852018,0.0013440494028969714,0.007564818598737684,1.816282976887799e-05,0.05882940562139581,0.03412795713572175,0.11745902011533398,0.0,0.0003995822549153158,0.0012350724242837035,0.0005630477228352177,0.0,4.540707442219498e-05,5.448848930663397e-05,3.632565953775598e-05,0.0,0.0,0.0,0.0,1.816282976887799e-05,0.015801661898923854,0.03443672524179267,0.06711165599600417,0.0,9.081414884438995e-05,0.00013622122326658494,0.00012713980838214593,1.816282976887799e-05,0.009980474957998456,0.00542160468601008,0.004858556963174863,0.0,0.0,0.0,0.0,0.0,0.0,0.0,0.0,0.0,0.0,0.0,0.0,0.0,0.0,0.0,0.0,0.0,0.0,0.0,0.0,0.0,0.0,0.0,0.0,0.0,0.0,0.0,0.0,0.0,0.0,0.0,0.0,0.0,0.0,0.0,0.0
serve_side|BOS|dir=0,0.0,0.0,0.0,0.0,0.0,0.0,0.0,0.0,0.0,0.0,0.0,0.0,0.0,0.0,0.0,0.0,0.0,0.0,0.0,0.0,0.0002960990781774979,0.2780321402090313,0.07280856093400906,0.23132679305121534,0.0,0.0,0.0,0.0,0.0,0.0,0.0,0.0,0.0,0.0,0.0,0.0,0.0,0.0,0.0,0.0,0.0,0.0,0.0,0.0,0.0,0.0,0.0,0.0,0.0,0.0,0.0,0.0,0.0,0.0,0.0,0.0,0.000991075426957741,0.2033564421126302,0.027762347453914992,0.1853922823365888,0.0,0.0,0.0,0.0,0.0,0.0,0.0,0.0,3.425939747508241e-05,0.0,0.0,0.0
serve_side|DROP_SHOT|dir=0,0.11538461538461539,0.0,0.0,0.0,0.07692307692307693,0.0,0.0,0.0,0.038461538461538464,0.0,0.038461538461538464,0.038461538461538464,0.0,0.0,0.0,0.0,0.0,0.0,0.0,0.0,0.0,0.0,0.0,0.0,0.2692307692307692,0.0,0.0,0.0,0.0,0.0,0.0,0.0,0.4230769230769231,0.0,0.0,0.0,0.0,0.0,0.0,0.0,0.0,0.0,0.0,0.0,0.0,0.0,0.0,0.0,0.0,0.0,0.0,0.0,0.0,0.0,0.0,0.0,0.0,0.0,0.0,0.0,0.0,0.0,0.0,0.0,0.0,0.0,0.0,0.0,0.0,0.0,0.0,0.0
serve_side|DROP_SHOT|dir=1,0.0,0.008583690987124463,0.00357653791130186,0.010014306151645207,0.0,0.035050071530758224,0.007868383404864092,0.05078683834048641,0.0,0.11087267525035766,0.024320457796852647,0.1659513590844063,0.0,0.002861230329041488,0.009298998569384835,0.010014306151645207,0.000715307582260372,0.0,0.0,0.0,0.0,0.0,0.0,0.0,0.0,0.09084406294706723,0.06509298998569385,0.24105865522174535,0.0,0.0,0.0,0.0,0.0,0.04220314735336195,0.01859799713876967,0.10228898426323318,0.0,0.0,0.0,0.0,0.0,0.0,0.0,0.0,0.0,0.0,0.0,0.0,0.0,0.0,0.0,0.0,0.0,0.0,0.0,0.0,0.0,0.0,0.0,0.0,0.0,0.0,0.0,0.0,0.0,0.0,0.0,0.0,0.0,0.0,0.0,0.0
serve_side|DROP_SHOT|dir=2,0.0,0.04950495049504951,0.0231023102310231,0.056105610561056105,0.0,0.0231023102310231,0.0033003300330033004,0.0462046204620462,0.0,0.0891089108910891,0.009900990099009901,0.0891089108910891,0.0,0.0,0.0165016501650165,0.009900990099009901,0.0,0.0,0.0,0.0,0.0,0.0,0.0,0.0,0.0,0.1485148514851485,0.09900990099009901,0.24752475247524752,0.0,0.0,0.0,0.0033003300330033004,0.0,0.0231023102310231,0.0231023102310231,0.039603960396039604,0.0,0.0,0.0,0.0,0.0,0.0,0.0,0.0,0.0,0.0,0.0,0.0,0.0,0.0,0.0,0.0,0.0,0.0,0.0,0.0,0.0,0.0,0.0,0.0,0.0,0.0,0.0,0.0,0.0,0.0,0.0,0.0,0.0,0.0,0.0,0.0
serve_side|DROP_SHOT|dir=3,0.0,0.1123213070115725,0.02518720217835262,0.09053778080326753,0.0,0.05309734513274336,0.0040844111640571815,0.05037440435670524,0.0,0.014295439074200136,0.0020422055820285907,0.011572498298162015,0.0,0.004765146358066712,0.009530292716133424,0.015656909462219197,0.0,0.0,0.0,0.0006807351940095302,0.0,0.0,0.0,0.0,0.0,0.2893124574540504,0.057862491490810075,0.1708645336963921,0.0,0.0,0.0,0.0,0.0,0.04424778761061947,0.011572498298162015,0.031994554118447927,0.0,0.0,0.0,0.0,0.0,0.0,0.0,0.0,0.0,0.0,0.0,0.0,0.0,0.0,0.0,0.0,0.0,0.0,0.0,0.0,0.0,0.0,0.0,0.0,0.0,0.0,0.0,0.0,0.0,0.0,0.0,0.0,0.0,0.0,0.0,0.0
serve_side|FH|dir=0,0.3144,0.0,0.0012,0.0032,0.0064,0.0,0.0,0.0004,0.5696,0.0008,0.0028,0.004,0.0056,0.0,0.0,0.0,0.0004,0.0,0.0,0.0,0.0,0.0004,0.0004,0.0,0.0732,0.0,0.0,0.0008,0.0004,0.0,0.0,0.0,0.0144,0.0004,0.0008,0.0004,0.0,0.0,0.0,0.0,0.0,0.0,0.0,0.0,0.0,0.0,0.0,0.0,0.0,0.0,0.0,0.0,0.0,0.0,0.0,0.0,0.0,0.0,0.0,0.0,0.0,0.0,0.0,0.0,0.0,0.0,0.0,0.0,0.0,0.0,0.0,0.0
serve_side|FH|dir=1,3.9839050237042346e-05,0.04354408190908729,0.031140857601954768,0.018578277093874083,1.327968341234745e-05,0.00390422692323015,0.001474044858770567,0.006121934053092175,0.00014607651753582195,0.33224439929352084,0.23983108242699494,0.21490511666201878,2.65593668246949e-05,0.001567002642656999,0.004594770460672217,0.0018458759943162954,2.65593668246949e-05,6.639841706173725e-05,0.00011951715071112705,1.327968341234745e-05,0.0,0.0,0.0,0.0,2.65593668246949e-05,0.01952113461615075,0.04544307663705297,0.020543670238901506,0.0,3.9839050237042346e-05,5.31187336493898e-05,6.639841706173725e-05,0.0,0.0019255540947903803,0.004488532993373438,0.007688936695749173,0.0,0.0,0.0,0.0,0.0,0.0,0.0,0.0,0.0,0.0,0.0,0.0,0.0,0.0,0.0,0.0,0.0,0.0,0.0,0.0,0.0,0.0,0.0,0.0,0.0,0.0,0.0,0.0,0.0,0.0,0.0,0.0,0.0,0.0,0.0,0.0
serve_side|FH|dir=2,8.598175037348323e-05,0.041024042646948186,0.12540438291972528,0.12618896639188332,0.0,0.006308910933654332,0.001784121320249777,0.006814053717098546,8.598175037348323e-05,0.19963887664843136,0.1838719731736939,0.25450598110551037,0.0,9.672946917016863e-05,0.00025794525112044967,0.00013972034435691025,1.0747718796685403e-05,2.1495437593370807e-05,8.598175037348323e-05,7.523403157679782e-05,0.0,0.0,0.0,0.0,0.0,0.0030845952946487107,0.013294928151499845,0.012091183646271078,0.0,0.00019345893834033726,0.0003116838451038767,0.00019345893834033726,1.0747718796685403e-05,0.004062637705147082,0.00706125124942231,0.013294928151499845,0.0,0.0,0.0,0.0,0.0,0.0,0.0,0.0,0.0,0.0,0.0,0.0,0.0,0.0,0.0,0.0,0.0,0.0,0.0,0.0,0.0,0.0,0.0,0.0,0.0,0.0,0.0,0.0,0.0,0.0,0.0,0.0,0.0,0.0,0.0,0.0
serve_side|FH|dir=3,0.0001344688480502017,0.07740923352756611,0.2307634842372628,0.3759300761990139,0.0,0.005543104736291648,0.000761990138951143,0.003780068728522337,1.4940983116689078e-05,0.02710294337367399,0.025519199163304945,0.07007321081727177,2.9881966233378156e-05,0.0029881966233378156,0.008366950545345885,0.004512176901240101,1.4940983116689078e-05,1.4940983116689078e-05,0.00017929179740026893,0.00011952786493351263,0.0,1.4940983116689078e-05,0.0,0.0,2.9881966233378156e-05,0.014537576572538473,0.05792619154340355,0.07727476467951591,0.0,0.00010458688181682355,0.0001344688480502017,0.00010458688181682355,0.0,0.0032272523532048407,0.004646645749290303,0.00874047512326311,0.0,0.0,0.0,0.0,0.0,0.0,0.0,0.0,0.0,0.0,0.0,0.0,0.0,0.0,0.0,0.0,0.0,0.0,0.0,0.0,0.0,0.0,0.0,0.0,0.0,0.0,0.0,0.0,0.0,0.0,0.0,0.0,0.0,0.0,0.0,0.0
serve_side|LOB|dir=0,0.022727272727272728,0.0,0.0,0.0,0.0,0.0,0.0,0.0,0.22727272727272727,0.0,0.022727272727272728,0.022727272727272728,0.045454545454545456,0.0,0.0,0.0,0.0,0.0,0.0,0.0,0.0,0.0,0.0,0.0,0.0,0.0,0.0,0.0,0.5227272727272727,0.0,0.022727272727272728,0.045454545454545456,0.045454545454545456,0.0,0.022727272727272728,0.0,0.0,0.0,0.0,0.0,0.0,0.0,0.0,0.0,0.0,0.0,0.0,0.0,0.0,0.0,0.0,0.0,0.0,0.0,0.0,0.0,0.0,0.0,0.0,0.0,0.0,0.0,0.0,0.0,0.0,0.0,0.0,0.0,0.0,0.0,0.0,0.0
serve_side|LOB|dir=1,0.0,0.005611672278338945,0.003367003367003367,0.0,0.0,0.001122334455667789,0.0,0.0,0.0,0.14029180695847362,0.06060606060606061,0.06509539842873176,0.0,0.002244668911335578,0.010101010101010102,0.002244668911335578,0.0,0.006734006734006734,0.006734006734006734,0.001122334455667789,0.0,0.0,0.0,0.0,0.0,0.0,0.003367003367003367,0.002244668911335578,0.0,0.2895622895622896,0.15151515151515152,0.1638608305274972,0.0,0.04152637485970819,0.019079685746352413,0.02356902356902357,0.0,0.0,0.0,0.0,0.0,0.0,0.0,0.0,0.0,0.0,0.0,0.0,0.0,0.0,0.0,0.0,0.0,0.0,0.0,0.0,0.0,0.0,0.0,0.0,0.0,0.0,0.0,0.0,0.0,0.0,0.0,0.0,0.0,0.0,0.0,0.0
serve_side|LOB|dir=2,0.0,0.002126151665485471,0.006732813607370659,0.004961020552799433,0.0,0.00035435861091424523,0.0,0.00035435861091424523,0.0,0.05598866052445074,0.05209071580439405,0.0783132530120482,0.0,0.002834868887313962,0.00956768249468462,0.002834868887313962,0.0,0.002126151665485471,0.011339475549255847,0.0031892274982282067,0.0,0.0,0.0,0.0,0.0,0.00035435861091424523,0.002834868887313962,0.0007087172218284905,0.00035435861091424523,0.20552799433026223,0.20729978738483346,0.2484053862508859,0.0,0.03720765414599575,0.019489723600283487,0.04500354358610914,0.0,0.0,0.0,0.0,0.0,0.0,0.0,0.0,0.0,0.0,0.0,0.0,0.0,0.0,0.0,0.0,0.0,0.0,0.0,0.0,0.0,0.0,0.0,0.0,0.0,0.0,0.0,0.0,0.0,0.0,0.0,0.0,0.0,0.0,0.0,0.0
serve_side|LOB|dir=3,0.0,0.01195720578980491,0.013845185651353053,0.03838892385147892,0.0,0.0018879798615481435,0.0006293266205160479,0.0012586532410320957,0.0,0.03335431088735054,0.03838892385147892,0.10635619886721208,0.0,0.0062932662051604785,0.027061044682190057,0.01762114537444934,0.0,0.006922592825676526,0.016362492133417242,0.012586532410320957,0.0,0.0,0.0,0.0,0.0,0.0012586532410320957,0.004405286343612335,0.0025173064820641915,0.0,0.12712397734424166,0.17998741346758967,0.2750157331655129,0.0,0.02391441157960982,0.015103838892385148,0.03775959723096287,0.0,0.0,0.0,0.0,0.0,0.0,0.0,0.0,0.0,0.0,0.0,0.0,0.0,0.0,0.0,0.0,0.0,0.0,0.0,0.0,0.0,0.0,0.0,0.0,0.0,0.0,0.0,0.0,0.0,0.0,0.0,0.0,0.0,0.0,0.0,0.0
serve_side|OTHER|dir=0,0.03333333333333333,0.0,0.016666666666666666,0.05,0.0,0.016666666666666666,0.0,0.0,0.016666666666666666,0.1,0.06666666666666667,0.1,0.0,0.0,0.0,0.0,0.38333333333333336,0.05,0.016666666666666666,0.06666666666666667,0.0,0.0,0.0,0.0,0.016666666666666666,0.0,0.016666666666666666,0.0,0.0,0.0,0.0,0.016666666666666666,0.0,0.0,0.016666666666666666,0.016666666666666666,0.0,0.0,0.0,0.0,0.0,0.0,0.0,0.0,0.0,0.0,0.0,0.0,0.0,0.0,0.0,0.0,0.0,0.0,0.0,0.0,0.0,0.0,0.0,0.0,0.0,0.0,0.0,0.0,0.0,0.0,0.0,0.0,0.0,0.0,0.0,0.0
serve_side|OTHER|dir=1,0.0,0.10714285714285714,0.05357142857142857,0.017857142857142856,0.0,0.026785714285714284,0.008928571428571428,0.017857142857142856,0.0,0.41964285714285715,0.125,0.15178571428571427,0.0,0.0,0.0,0.0,0.0,0.0,0.0,0.008928571428571428,0.0,0.0,0.0,0.0,0.0,0.0,0.026785714285714284,0.0,0.0,0.0,0.008928571428571428,0.008928571428571428,0.0,0.0,0.017857142857142856,0.0,0.0,0.0,0.0,0.0,0.0,0.0,0.0,0.0,0.0,0.0,0.0,0.0,0.0,0.0,0.0,0.0,0.0,0.0,0.0,0.0,0.0,0.0,0.0,0.0,0.0,0.0,0.0,0.0,0.0,0.0,0.0,0.0,0.0,0.0,0.0,0.0
serve_side|OTHER|dir=2,0.0,0.022935779816513763,0.03669724770642202,0.09862385321100918,0.0,0.011467889908256881,0.0022935779816513763,0.016055045871559634,0.0022935779816513763,0.29357798165137616,0.11238532110091744,0.30963302752293576,0.0,0.0,0.0045871559633027525,0.0,0.0,0.0,0.0045871559633027525,0.0045871559633027525,0.0,0.0,0.0,0.0,0.0,0.011467889908256881,0.0045871559633027525,0.006880733944954129,0.0,0.0022935779816513763,0.0022935779816513763,0.011467889908256881,0.0,0.009174311926605505,0.016055045871559634,0.016055045871559634,0.0,0.0,0.0,0.0,0.0,0.0,0.0,0.0,0.0,0.0,0.0,0.0,0.0,0.0,0.0,0.0,0.0,0.0,0.0,0.0,0.0,0.0,0.0,0.0,0.0,0.0,0.0,0.0,0.0,0.0,0.0,0.0,0.0,0.0,0.0,0.0
serve_side|OTHER|dir=3,0.0,0.07777777777777778,0.07407407407407407,0.27037037037037037,0.0,0.02962962962962963,0.011111111111111112,0.022222222222222223,0.0,0.1111111111111111,0.05185185185185185,0.24814814814814815,0.0,0.0,0.003703703703703704,0.0,0.0,0.0,0.0,0.0,0.0,0.0,0.0,0.0,0.0,0.003703703703703704,0.011111111111111112,0.037037037037037035,0.0,0.003703703703703704,0.0,0.014814814814814815,0.0,0.022222222222222223,0.0,0.007407407407407408,0.0,0.0,0.0,0.0,0.0,0.0,0.0,0.0,0.0,0.0,0.0,0.0,0.0,0.0,0.0,0.0,0.0,0.0,0.0,0.0,0.0,0.0,0.0,0.0,0.0,0.0,0.0,0.0,0.0,0.0,0.0,0.0,0.0,0.0,0.0,0.0
serve_side|SERVE|dir=0,0.0,0.0,0.0,0.0,0.0,0.0,0.0,0.0,0.0,0.0,0.0,0.0,0.0,0.0,0.0,0.0,0.0,0.0,0.0,0.0,0.06483790523690773,0.32418952618453867,0.4538653366583541,0.1571072319201995,0.0,0.0,0.0,0.0,0.0,0.0,0.0,0.0,0.0,0.0,0.0,0.0,0.0,0.0,0.0,0.0,0.0,0.0,0.0,0.0,0.0,0.0,0.0,0.0,0.0,0.0,0.0,0.0,0.0,0.0,0.0,0.0,0.0,0.0,0.0,0.0,0.0,0.0,0.0,0.0,0.0,0.0,0.0,0.0,0.0,0.0,0.0,0.0
serve_side|SERVE|dir=4,0.0,0.0,0.0,0.0,0.0,0.0,0.0,0.0,0.0,0.0,0.0,0.0,0.0,0.0,0.0,0.0,0.0,0.0,0.0,0.0,0.0005290614695605099,0.3719302131010384,0.35431123578916285,0.2730941483340716,0.0,0.0,0.0,0.0,0.0,0.0,0.0,0.0,0.0,0.0,0.0,0.0,0.0,0.0,0.0,0.0,0.0,0.0,0.0,0.0,0.0,0.0,0.0,0.0,0.0,0.0,0.0,0.0,0.0,0.0,0.0,0.0,0.0,6.151877553029184e-05,2.4607510212116737e-05,4.9215020424233474e-05,0.0,0.0,0.0,0.0,0.0,0.0,0.0,0.0,0.0,0.0,0.0,0.0
serve_side|SERVE|dir=5,0.0,0.0,0.0,0.0,0.0,0.0,0.0,0.0,0.0,0.0,0.0,0.0,0.0,0.0,0.0,0.0,0.0,0.0,0.0,0.0,0.0008042895442359249,0.3122430741733691,0.44959785522788204,0.23726541554959785,0.0,0.0,0.0,0.0,0.0,0.0,0.0,0.0,0.0,0.0,0.0,0.0,0.0,0.0,0.0,0.0,0.0,0.0,0.0,0.0,0.0,0.0,0.0,0.0,0.0,0.0,0.0,0.0,0.0,0.0,0.0,0.0,0.0,8.936550491510277e-05,0.0,0.0,0.0,0.0,0.0,0.0,0.0,0.0,0.0,0.0,0.0,0.0,0.0,0.0
serve_side|SERVE|dir=6,0.0,0.0,0.0,0.0,0.0,0.0,0.0,0.0,0.0,0.0,0.0,0.0,0.0,0.0,0.0,0.0,0.0,0.0,0.0,0.0,0.000540088034349599,0.33189759930868734,0.354864842969404,0.3125084388755367,0.0,0.0,0.0,0.0,0.0,0.0,0.0,0.0,0.0,0.0,0.0,0.0,0.0,0.0,0.0,0.0,0.0,0.0,0.0,0.0,0.0,0.0,0.0,0.0,0.0,0.0,0.0,0.0,0.0,0.0,0.0,0.0,0.0,5.40088034349599e-05,2.700440171747995e-05,0.0001080176068699198,0.0,0.0,0.0,0.0,0.0,0.0,0.0,0.0,0.0,0.0,0.0,0.0
serve_side|SLICE|dir=0,0.203125,0.0,0.0014204545454545455,0.0014204545454545455,0.022727272727272728,0.0,0.0,0.0,0.6434659090909091,0.002840909090909091,0.002840909090909091,0.002840909090909091,0.008522727272727272,0.0,0.0,0.0,0.0014204545454545455,0.0,0.0014204545454545455,0.0,0.0,0.0,0.0014204545454545455,0.0014204545454545455,0.056818181818181816,0.0,0.0014204545454545455,0.002840909090909091,0.009943181818181818,0.0,0.0,0.0,0.029829545454545456,0.0,0.0014204545454545455,0.002840909090909091,0.0,0.0,0.0,0.0,0.0,0.0,0.0,0.0,0.0,0.0,0.0,0.0,0.0,0.0,0.0,0.0,0.0,0.0,0.0,0.0,0.0,0.0,0.0,0.0,0.0,0.0,0.0,0.0,0.0,0.0,0.0,0.0,0.0,0.0,0.0,0.0
serve_side|SLICE|dir=1,0.0,0.040782751753398565,0.011602736167633562,0.01567235258463936,0.0,0.008052645250671054,0.0010390510000865877,0.014460126417871677,0.0,0.3775218633647935,0.07359944583946662,0.3027101913585592,0.00017317516668109793,0.002943977833578665,0.009784396917482034,0.008485583167373799,8.658758334054896e-05,0.0002597627500216469,8.658758334054896e-05,8.658758334054896e-05,0.0,0.0,0.0,0.0,0.0,0.018962680751580224,0.018010217334834183,0.032210581002684216,0.0,0.0012122261667676854,0.0015585765001298814,0.0014719889167893324,8.658758334054896e-05,0.023724997835310416,0.011516148584293012,0.023898173001991513,0.0,0.0,0.0,0.0,0.0,0.0,0.0,0.0,0.0,0.0,0.0,0.0,0.0,0.0,0.0,0.0,0.0,0.0,0.0,0.0,0.0,0.0,0.0,0.0,0.0,0.0,0.0,0.0,0.0,0.0,0.0,0.0,0.0,0.0,0.0,0.0
serve_side|SLICE|dir=2,2.7317179774360095e-05,0.028082060808042177,0.02581473488677029,0.06356707733493594,0.0,0.011882973201846642,0.0019122025842052066,0.013494686808533886,5.463435954872019e-05,0.306170950911028,0.06269292758215642,0.36088726199907123,2.7317179774360095e-05,0.0,0.0010107356516513234,0.0006282951348102821,0.0,8.195153932308028e-05,0.00027317179774360095,8.195153932308028e-05,0.0,0.0,0.0,0.0,0.0,0.012811757314174884,0.012702488595077444,0.02584205206654465,0.0,0.002567814898789849,0.004042942606605294,0.0035239161908924522,0.0,0.026415712841806212,0.010189308055836316,0.025186439751960006,0.0,0.0,0.0,0.0,0.0,0.0,0.0,0.0,0.0,0.0,0.0,2.7317179774360095e-05,0.0,0.0,0.0,0.0,0.0,0.0,0.0,0.0,0.0,0.0,0.0,0.0,0.0,0.0,0.0,0.0,0.0,0.0,0.0,0.0,0.0,0.0,0.0,0.0
serve_side|SLICE|dir=3,9.996334677284996e-05,0.06907467262003932,0.05294725267401953,0.22828296291359834,0.0,0.013195161774016194,0.0007997067741827996,0.013361767351970944,0.0001999266935456999,0.13994868548198994,0.02625703908566859,0.24694278764453034,3.332111559094999e-05,0.0011995601612741994,0.004964846223051548,0.005464662956915798,0.0,3.332111559094999e-05,0.0002665689247275999,3.332111559094999e-05,0.0,0.0,0.0,0.0,0.0,0.03542034587317983,0.026756855819532837,0.09056679217620206,0.0,0.0006664223118189997,0.0011662390456832494,0.0010995968145013496,3.332111559094999e-05,0.01975942154543334,0.006764186464962847,0.014661290860017993,0.0,0.0,0.0,0.0,0.0,0.0,0.0,0.0,0.0,0.0,0.0,0.0,0.0,0.0,0.0,0.0,0.0,0.0,0.0,0.0,0.0,0.0,0.0,0.0,0.0,0.0,0.0,0.0,0.0,0.0,0.0,0.0,0.0,0.0,0.0,0.0
serve_side|SMASH|dir=0,0.25,0.0,0.0,0.0,0.0,0.0,0.0,0.0,0.25,0.0,0.0,0.0,0.25,0.0,0.0,0.0,0.0,0.0,0.0,0.0,0.0,0.0,0.0,0.0,0.0,0.0,0.0,0.0,0.0,0.0,0.0,0.0,0.0,0.25,0.0,0.0,0.0,0.0,0.0,0.0,0.0,0.0,0.0,0.0,0.0,0.0,0.0,0.0,0.0,0.0,0.0,0.0,0.0,0.0,0.0,0.0,0.0,0.0,0.0,0.0,0.0,0.0,0.0,0.0,0.0,0.0,0.0,0.0,0.0,0.0,0.0,0.0
serve_side|SMASH|dir=1,0.0,0.013452914798206279,0.026905829596412557,0.02242152466367713,0.0,0.004484304932735426,0.0,0.0,0.0,0.1031390134529148,0.28699551569506726,0.1210762331838565,0.0,0.04484304932735426,0.12556053811659193,0.04484304932735426,0.0,0.0,0.0,0.0,0.0,0.0,0.0,0.0,0.0,0.06278026905829596,0.07623318385650224,0.06278026905829596,0.0,0.0,0.004484304932735426,0.0,0.0,0.0,0.0,0.0,0.0,0.0,0.0,0.0,0.0,0.0,0.0,0.0,0.0,0.0,0.0,0.0,0.0,0.0,0.0,0.0,0.0,0.0,0.0,0.0,0.0,0.0,0.0,0.0,0.0,0.0,0.0,0.0,0.0,0.0,0.0,0.0,0.0,0.0,0.0,0.0
serve_side|SMASH|dir=2,0.0,0.03296703296703297,0.1391941391941392,0.09523809523809523,0.0,0.0,0.003663003663003663,0.0,0.0,0.1282051282051282,0.17216117216117216,0.06227106227106227,0.0,0.03663003663003663,0.06593406593406594,0.01098901098901099,0.0,0.0,0.0,0.0,0.0,0.0,0.0,0.0,0.0,0.014652014652014652,0.1575091575091575,0.04395604395604396,0.0,0.0,0.014652014652014652,0.0,0.0,0.003663003663003663,0.014652014652014652,0.003663003663003663,0.0,0.0,0.0,0.0,0.0,0.0,0.0,0.0,0.0,0.0,0.0,0.0,0.0,0.0,0.0,0.0,0.0,0.0,0.0,0.0,0.0,0.0,0.0,0.0,0.0,0.0,0.0,0.0,0.0,0.0,0.0,0.0,0.0,0.0,0.0,0.0
serve_side|SMASH|dir=3,0.0,0.06796116504854369,0.18122977346278318,0.18446601941747573,0.0,0.0,0.003236245954692557,0.009708737864077669,0.0,0.019417475728155338,0.022653721682847898,0.038834951456310676,0.0,0.045307443365695796,0.15857605177993528,0.0744336569579288,0.0,0.0,0.003236245954692557,0.0,0.0,0.0,0.0,0.0,0.0,0.022653721682847898,0.11974110032362459,0.042071197411003236,0.0,0.0,0.0,0.0,0.0,0.006472491909385114,0.0,0.0,0.0,0.0,0.0,0.0,0.0,0.0,0.0,0.0,0.0,0.0,0.0,0.0,0.0,0.0,0.0,0.0,0.0,0.0,0.0,0.0,0.0,0.0,0.0,0.0,0.0,0.0,0.0,0.0,0.0,0.0,0.0,0.0,0.0,0.0,0.0,0.0
serve_side|VOLLEY|dir=0,0.05405405405405406,0.0,0.0,0.0,0.02702702702702703,0.0,0.0,0.0,0.13513513513513514,0.0,0.02702702702702703,0.0,0.10810810810810811,0.0,0.0,0.0,0.0,0.0,0.0,0.0,0.0,0.16216216216216217,0.08108108108108109,0.13513513513513514,0.02702702702702703,0.0,0.0,0.0,0.02702702702702703,0.0,0.0,0.0,0.21621621621621623,0.0,0.0,0.0,0.0,0.0,0.0,0.0,0.0,0.0,0.0,0.0,0.0,0.0,0.0,0.0,0.0,0.0,0.0,0.0,0.0,0.0,0.0,0.0,0.0,0.0,0.0,0.0,0.0,0.0,0.0,0.0,0.0,0.0,0.0,0.0,0.0,0.0,0.0,0.0
serve_side|VOLLEY|dir=1,0.0,0.01124859392575928,0.008998875140607425,0.01124859392575928,0.0,0.0,0.0,0.0011248593925759281,0.0,0.13385826771653545,0.08323959505061868,0.20359955005624297,0.0011248593925759281,0.049493813273340834,0.12148481439820022,0.10686164229471316,0.0,0.0,0.006749156355455568,0.0,0.0,0.0,0.0,0.0,0.0,0.03487064116985377,0.03487064116985377,0.06636670416197975,0.0,0.0022497187851518562,0.0,0.0,0.0,0.03824521934758155,0.02924634420697413,0.05511811023622047,0.0,0.0,0.0,0.0,0.0,0.0,0.0,0.0,0.0,0.0,0.0,0.0,0.0,0.0,0.0,0.0,0.0,0.0,0.0,0.0,0.0,0.0,0.0,0.0,0.0,0.0,0.0,0.0,0.0,0.0,0.0,0.0,0.0,0.0,0.0,0.0
serve_side|VOLLEY|dir=2,0.001519756838905775,0.08814589665653495,0.06990881458966565,0.06231003039513678,0.0,0.001519756838905775,0.0,0.0,0.0,0.08966565349544073,0.06990881458966565,0.12006079027355623,0.0,0.015197568389057751,0.10030395136778116,0.0972644376899696,0.0,0.0,0.00911854103343465,0.004559270516717325,0.0,0.0,0.0,0.0,0.001519756838905775,0.031914893617021274,0.031914893617021274,0.03343465045592705,0.0,0.00303951367781155,0.00911854103343465,0.00303951367781155,0.0,0.034954407294832825,0.0668693009118541,0.0547112462006079,0.0,0.0,0.0,0.0,0.0,0.0,0.0,0.0,0.0,0.0,0.0,0.0,0.0,0.0,0.0,0.0,0.0,0.0,0.0,0.0,0.0,0.0,0.0,0.0,0.0,0.0,0.0,0.0,0.0,0.0,0.0,0.0,0.0,0.0,0.0,0.0
serve_side|VOLLEY|dir=3,0.0,0.1564501372369625,0.06129917657822507,0.11436413540713632,0.0,0.0027447392497712718,0.0009149130832570906,0.004574565416285453,0.0,0.01738334858188472,0.008234217749313814,0.01555352241537054,0.0009149130832570906,0.03385178408051235,0.16102470265324795,0.13083257090576395,0.0,0.0009149130832570906,0.0009149130832570906,0.0054894784995425435,0.0,0.0,0.0,0.0,0.0,0.04391582799634035,0.043000914913083256,0.055809698078682524,0.0,0.0009149130832570906,0.0036596523330283625,0.0009149130832570906,0.0009149130832570906,0.042086001829826164,0.04483074107959744,0.0484903934126258,0.0,0.0,0.0,0.0,0.0,0.0,0.0,0.0,0.0,0.0,0.0,0.0,0.0,0.0,0.0,0.0,0.0,0.0,0.0,0.0,0.0,0.0,0.0,0.0,0.0,0.0,0.0,0.0,0.0,0.0,0.0,0.0,0.0,0.0,0.0,0.0
